,ID,Name,Latitude,Longitude,Cuisine,Ratings,Reviews,Price_Rng,Zip-Code
0,GJxFtnTqTiokFedNrW9iDQ,Atlanta Breakfast Club,33.76502173,-84.39540055,Southern,4.5,4900,$$,30313
1,57d0Gmx4JKuKQWyJYu0yfg,JINYA Ramen Bar - Buckhead,33.85660858,-84.3827166,Ramen,4.5,1021,$$,30342
2,viqkunBBI6QOIZehME-7gg,Hattie B's Hot Chicken - Atlanta,33.7624,-84.34882,Southern,4.5,1819,$$,30307
3,lGDHzx8L-ZjTUh6ch2ar9g,Southern Kitchen & Grill,33.88625821,-84.26558901,Southern,4.5,231,$$,30340
4,U-i6cq-yFRVJC4pIKSLX9Q,Poor Calvin's,33.7684,-84.38226,Asian Fusion,4.5,3868,$$$,30308
5,CialKowdIXd6GOakSnakIQ,Birria el Gordo,33.901714,-84.544426,Tacos,4.5,174,$$,30060
6,JaLiJqWN38o3px1Gx5_tLg,Mushi Ni at Little Trouble,33.785834,-84.41216,Asian Fusion,5,247,$$,30318
7,r0JxdG5StcD8eiHF9u01ZQ,Slutty Vegan,33.743291,-84.438019,Vegan,4.5,945,$$,30310
8,u-4wti774tFcYRLuQrnHEg,Fox Bros. Bar-B-Q,33.76105147,-84.34750199,Barbeque,4.5,4098,$$,30307
9,9x8tQvdczbrNaTsQJWRiCQ,Ponko Chicken,33.78000363,-84.387064,Asian Fusion,4.5,287,$$,30309
10,jx0yeEipLwhKDlwWcyGt9Q,26 Thai Kitchen & Bar,33.8223733,-84.3691207,Thai,4.5,806,$$,30324
11,V86AJK3xytBv2C0bwi9_Ow,La Pastorcita,33.84308,-84.32924,Mexican,4,455,$,30329
12,WXIer1X3GtLZiAVXX8TV5Q,Rreal Tacos,33.77748372,-84.38345264,Tacos,4,520,$$,30308
13,BSUDAiXd50PAkfFAztVpDw,Aviva by Kameel - Atlanta,33.76053815,-84.38655546,Mediterranean,5,1623,$$,30303
14,JTGjHr9ii1TWq0TNLFkiQw,Blossom Tree,33.7554946,-84.38910761,Korean,4.5,393,$$,30303
15,bH9gLXJPbKOENrBRpy-9bw,El Burro Pollo,33.7752651,-84.3876426,Food Stands,4.5,39,$,30308
16,ZKZGgOsRPpAjc9oMBT_uBw,Kinnotori Ramen Bar,33.77375668,-84.36672154,Ramen,4.5,144,$$,30308
17,Ib800wLfNe0SKS9vVtMSaA,The Bando,33.75159312,-84.48724207,Chicken Wings,4,75,$$,30311
18,xakTfx650TBYn3IALjPZDg,Mukja Korean Fried Chicken,33.78066268,-84.3836642,Korean,4.5,202,$$,30309
19,ALYQ-uM_uMkKbkXlhWcgbQ,Fat Matt's Rib Shack,33.804646,-84.367191,Barbeque,4,2268,$$,30324
20,WvE0fx_ZhtuDlNiVjG3-Tg,Woody's CheeseSteaks,33.84152283,-84.3803645,Cheesesteaks,4,80,$$,30305
21,9VWaP_2svx5SYdAisNkRYQ,Bar-Bacoa,33.78258,-84.354707,Spanish,4.5,208,$$,30306
22,vgUv079XkNbWOtBf3tYKnw,The Hungry Peach,33.817,-84.37502,Venues & Event Spaces,4.5,58,$$,30305
23,9SFalpnKCfqOts8LKWG7Xw,Fork In The Road,33.84392,-84.25849,American (Traditional),4.5,144,$$,30084
24,xoZz5CbcuLVTSPPolmkDGw,Food Terminal - Atlanta,33.778829,-84.410034,Malaysian,4.5,219,$$,30318
25,6gmEsan5nMc0_DPP7usxvA,Fin & Feathers,33.75457,-84.37596,Soul Food,4,293,$$,30312
26,1WJH896e7eD9m0BO79vnwg,Truva Turkish Kitchen-Highland,33.77746,-84.35322,Turkish,4.5,176,$$,30306
27,ZbqsKgoo1zdckzFP0RgX_A,Velvet Taco,33.84011,-84.38107,Tacos,4,363,$$,30305
28,v3Bj4U3WMuol_VLJLQpvRQ,Dat Fire Jerk Chicken,33.74826484,-84.40471619,Caribbean,3.5,344,$$,30313
29,Kcva2t7e6Ukpb5vMvkdc2w,La Fonda Latina,33.773503,-84.357113,Cuban,4,494,$$,30306
30,spUefeTF40K9zaithe3STQ,Hippie Hibachi,33.80226632,-84.4285908,Japanese,4.5,73,$$,30318
31,trfQCzNmAgfQLSFUb_6vbA,Buttermilk Kitchen,33.86986,-84.38056,Breakfast & Brunch,4.5,1934,$$,30342
32,eG-UO83g_5zDk70FIJbm2w,South City Kitchen Midtown,33.786,-84.3845599,Southern,4.5,2816,$$,30309
33,RpsYzOuyCoAVKLl-vQL1mw,"Tom, Dick & Hank",33.73701859,-84.39418793,American (Traditional),4,527,$$,30312
34,oGshUJhbJsjsnaQZXJaDNA,Waikikie Hawaiian BBQ,33.816665,-84.335219,Barbeque,4,606,$$,30329
35,BrZa7uzpKHil9aPs0gO-3w,Lady Ha,33.77282,-84.36388,Vietnamese,4.5,40,$$,30308
36,B_6V-u97NU8aai4mrKqwNw,Silverlake Ramen,33.78342288,-84.3842521,Ramen,4,111,$$,30309
37,xnwnhDdc11R2X8Ww-02nNg,Food Terminal,33.88809,-84.28866,Malaysian,4,1571,$$,30341
38,tgbCzuxgSuN01DZ03lSdFg,SluttyVegan ATL,33.75440182,-84.3719889,Vegan,4.5,212,$$,30312
39,z9oCxeqOKp2QMfM24m7bUw,Mary Mac's Tea Room,33.772832,-84.379998,Southern,4,4283,$$,30308
40,F0eaHDnN_-zF7KPZu1a2NQ,Industry Tavern,33.84523364,-84.37129603,American (New),4,556,$$,30305
41,tDv2qG4N7PsYLN0QYuuaZQ,Bulla Gastrobar,33.78344107,-84.38476098,Spanish,4.5,696,$$,30309
42,JtIt-VshqofckWkbBG6cRA,Louisiana Bistreaux Buckhead,33.84575683,-84.373058,Cajun/Creole,4,328,$$,30305
43,Tjgp7DWBwrgMrQE7_5ivZg,Gino's NY Pizza Bar,33.80831,-84.36558,Pizza,3,367,$$,30324
44,CxQ1m2iY4wQpXC64tSfWgQ,Antico Pizza,33.78464162,-84.40565236,Pizza,4,3323,$$,30318
45,Z2qMwUhnGt_2pA9uQbS7Uw,The Vortex Bar And Grill - Midtown,33.779051,-84.384438,Burgers,4,1834,$$,30309
46,DTALvZKBJH8XVAKfcQseYQ,5Church Midtown,33.787526,-84.383007,American (New),4,1076,$$,30361
47,WkN8Z2Q8gbhjjkCt8cDVxg,Two Urban Licks,33.76845557,-84.3612739,Bars,4,3042,$$,30306
48,ApwmEiStq9aP9-Tf2xfVtA,Gus's World Famous Fried Chicken,33.760069,-84.386257,Southern,4,1473,$$,30303
49,L1nn5Cge3wBUHydmX8XwWA,E Ramen +,33.78504,-84.38825,Ramen,4.5,300,$$,30309
50,S9NvWyHUPsuYK7ObMV43pA,Desta Ethiopian Kitchen,33.83789545,-84.31039135,Ethiopian,4.5,1938,$$,30329
51,kzXrQKJpN2JyLd68iwH3hg,Little Bangkok,33.81593,-84.35219,Chinese,4,807,$$,30324
52,GHjH_Mt4EZzld-V6QtjeOg,Hungry Ghost,33.75414,-84.37639,American (New),3.5,155,$$,30312
53,68nSwC4eAUI47b8Hz4Jo5w,Fireside Jamaican Restaurant,33.681746,-84.308017,Caribbean,4,76,$,30316
54,2qqzP3AiKuz3Fn3ao1_onA,Louisiana Bistreaux - East Point,33.6592449,-84.4342218,Cajun/Creole,4.5,1899,$$,30344
55,uIAos8ANK0KDY5Vpy5EHCA,Rock Steady - Atlanta,33.77722,-84.40768,Caribbean,4,315,$$,30318
56,bAybZImsqUwinMrzZlzVIQ,True Food Kitchen,33.847652,-84.363745,Vegan,4,1386,$$,30326
57,-ncunpZ1SM-VF3plXoiyjw,Man vs Fries,33.77004,-84.38382,Food Delivery Services,3.5,73,$$,30308
58,cgONshBaun3xCVyrT_bSIw,Roc South Cuisine,33.83534,-84.33755,Southern,4.5,469,$$,30329
59,_F7t1ie5c299zxVJwwsd3g,Delbar Middle Eastern,33.761615,-84.3602065,Persian/Iranian,4.5,394,$$$,30307
60,7CvyE0cLTzEzivSEdDAbMQ,Milk & Honey Restaurant,33.732091,-84.567526,Breakfast & Brunch,4,1090,$$,30311
61,a5akxlhWpAF4OiQcAPZTnw,Home Grown,33.746686,-84.35588,Southern,4.5,1468,$$,30316
62,j29QN76xXH2-pwBJ_U9Dyg,WEI Authentic Chinese,34.07054178,-83.9852973,Cantonese,4.5,152,$$,30519
63,lgKQzvvuNWJgkayiNiE7Hg,Food Terminal - Sandy Springs,33.9335355,-84.3645249,Malaysian,5,35,$$,30328
64,gMSCtM6SCUF-bp3Ypw8Jxg,South City Kitchen Buckhead,33.8481447,-84.3687447,Southern,4.5,854,$$,30326
65,lL0fuGEdXnAXDqi-Jra-yQ,Yo! Chef What's Cooking?,33.858796,-84.309113,Breakfast & Brunch,4,101,$$,30345
66,dfL1KYHtcs6YaFVx-nZTdQ,Whiskey Bird,33.792656,-84.351852,American (New),4.5,485,$$,30306
67,_IFMCrheTi12RqiR7jvJUg,Little Rey,33.80799167,-84.36634667,Tex-Mex,4,356,$,30324
68,0ukhgBeLATOo8b8lDobRGg,Roasters,33.831112,-84.356599,Southern,4,410,$$,30324
69,opGvvF6iQ_Ms5xO_MxnuUQ,The Po'Boy Shop,33.792737,-84.3050283,Cajun/Creole,4.5,392,$$,30033
70,AvXqLbcGCxdIEF_qZTY0Kw,The Busy Bee Cafe,33.75443256,-84.41402169,Soul Food,4,1032,$$,30314
71,bP6goJODwRnM3AVy45Kn9w,Papi's Cuban & Caribbean Grill,33.772758,-84.380375,Cuban,4,1073,$$,30308
72,AszaS93c_T0ryoSAOoFCUA,Loaded Potato Bar,33.866053,-84.466394,American (Traditional),4,52,$$,30339
73,jrk6pBeLhBVaO1fE4oOo8A,Hai,33.792031,-84.286616,Chinese,4,260,$$,30033
74,t_ybXkC1dG3jQkfnusyoNQ,ApacheXLR,33.763731,-84.397086,Breakfast & Brunch,4,236,$$,30313
75,DOXZJ6VPkN602O1ccyCnuA,Sugar Shanes,33.78593369,-84.40018449,Caterers,5,83,$$,30318
76,htPUyMGClWqJFrSxg-a0_Q,Halsa,33.51273159,-84.73535511,Scandinavian,4,34,$$,30268
77,VGHMNIccTuq_xBrHmxkoCQ,Bao Bun Hibachi,33.80124532,-84.41344091,Asian Fusion,4.5,125,$$,30318
78,U4K4dCTtGeNNPUtDaC3HHg,Wheelhouse Craft Pub And Kitchen,33.792788,-84.290715,Pubs,4.5,93,$$,30030
79,3D3t6TODQDyRUB3jUadiGA,Velvet Taco,33.78527,-84.41149,American (New),4.5,120,$$,30318
80,ucOkHxBKAJJioYn7E83L2w,The Wing Bar,33.74073792,-84.34554291,Chicken Wings,4,172,$$,30316
81,A9IAWSzO-RWaSSOeiYXUCg,There on Fifth,33.77657,-84.3879702,Burgers,4.5,78,$$,30308
82,IOLwhRIF2wyhbTJl_J2khw,Breakfast At Barneys,33.74969717,-84.37897677,Breakfast & Brunch,4,1112,$$,30312
83,nJ2OawyoI-ZBLMsWOv1XQQ,Le Petit MarchÇ,33.75145585,-84.32247862,Breakfast & Brunch,4.5,1304,$$,30317
84,9XUI9R55hL5Jb8IVeArs5g,Masti fun Indian Street Food,33.81457921,-84.31063476,Indian,4,540,$$,30329
85,QkbH0ZEchPRM40C7eS4L5w,Ok Yaki,33.73475,-84.34889,Teppanyaki,4.5,57,$$,30316
86,jbKI2uM4nrRIlBT2sMX3MQ,Grindhouse Killer Burgers,33.8061245,-84.36741,Burgers,4,1115,$$,30324
87,fGcb71-JEWUhasyc9vUxuw,Mediterranean Grill,33.78137,-84.36835,Greek,4,337,$,30308
88,Z6a-a9OihhTxVfon5jMP5w,Bun Mi Vietnamese Grill,33.78780585,-84.3821312,Vietnamese,4.5,159,$$,30309
89,uFheloAGwSlXUks6pKoCeA,Slappingtacosatl,33.71646,-84.40819,Tacos,3.5,29,$$,30310
90,6yqPYHtG4LpOVushEzrxXw,Grub Burger Bar,33.8275,-84.33257,Burgers,4,599,$$,30329
91,COgw5a3B_fwmN0BbZObJwg,Urban Wu,33.84671,-84.374065,Szechuan,4,329,$$,30305
92,qqEkTM_OBVGboBSn5v7UYA,SpiceHouse Buckhead,33.82552,-84.36703,Caribbean,3.5,53,$$,30324
93,KheQiwyvUl9VDupoO-l7Mw,The Original Hot Dog Factory,33.75660669,-84.38205341,Hot Dogs,4,137,$,30303
94,fvuwDSEYL9dhD28uq4d4ww,The Porter Beer Bar,33.76534,-84.349827,Pubs,4.5,1077,$$,30307
95,23UWCyB8UnPu-0t-67iEKA,The Food Shoppe,33.75828555,-84.3904275,Cajun/Creole,4.5,849,$$,30303
96,IJW5dUA251zW3FrpNpHr3w,Yumbii,33.81600162,-84.31247774,Asian Fusion,4,64,$$,30329
97,ldoswTL6XQX_VllVEoHZ_Q,El Tesoro,33.74941011,-84.34263814,Mexican,4.5,226,$$,30317
98,aSUsF4-44EUmBiISNucJ-A,Fellaship,33.7517828,-84.3992599,Cigar Bars,4.5,156,$$,30313
99,_BNuP4qFCrUxBt2dGpUMaA,Baraka Shawarma,33.75634225,-84.39068774,Mediterranean,4.5,479,$$,30303
100,wnCuqrG0NfWbUINjTkG6FQ,Fox Brothers Bar-B-Que Que-osk,33.8066606,-84.38445412,Barbeque,4.5,72,$$,30324
101,kkgXCsbYVbHoia9Pr214tQ,Pho 24,33.87753267,-84.293369,Vietnamese,3.5,499,$$,30341
102,C0Jiti0T_VcXgNDKv0dCng,Rock's Chicken & Fries,33.8528035,-84.3622556,American (Traditional),4,132,$,30326
103,euI6ZYkupS89zSzMI-uzQw,Hi Pot Doraville,33.89085065,-84.28532943,Taiwanese,4.5,219,$$,30340
104,g83BIz2QaG_DPrlWNAf1wA,Woody's  CheeseSteaks,33.78091,-84.36869,Sandwiches,3.5,732,$,30308
105,7gbCcY7MrL-Kz6TmsJDLrQ,Lucky Thai,33.82799,-84.32658,Thai,4.5,92,$$,30329
106,B1utosVn_70fiRUxJQRKgA,The White Bull,33.775061,-84.295804,American (New),4.5,304,$$,30030
107,EI_H03-TbzQsx0hmkpHbMg,Georgia Boy,33.77338583,-84.35319583,American (New),4.5,16,$$$$,30306
108,j0VWgf2QhoxpTLnODZxnnw,Sidechick,33.776649,-84.296184,Sandwiches,4.5,170,$,30030
109,KgCm-vYEVwSszwr1DN5dbQ,Buena Vida Tapas & Sol,33.76930198,-84.36365727,Spanish,4.5,232,$$,30308
110,U_N4BD4MMGG5AKDlRb-GNA,Taquer°a La Oaxaque§a,33.57268162,-84.37076379,Mexican,4.5,398,$$,30236
111,qx7-TEoNazwE1BcZLCIJ9w,Silom Thai & Sushi,33.846287,-84.3586822,Thai,4,233,$$,30326
112,Ln-8CbKGZGmF-GCqMoMcpA,bartaco,33.77873,-84.40932,Mexican,4,1354,$$,30318
113,qahyS2-7QXGYn6dD94_Ljw,Tannour Mediterranean Grill,33.78592,-84.40019,Mediterranean,4,296,$,30318
114,5hrvvAGs9i6UiSQBsrTmlg,Harold's Chicken & Ice Bar,33.75414,-84.37614,Chicken Wings,3.5,706,$$,30312
115,l9udhFSqWgyeU1i8xGy_Aw,Gaja Korean Bar,33.74051066,-84.34626055,Korean,4,243,$$,30316
116,dm9Aq2dtziNTGBFCh0yhYA,Fellini's Pizza Buckhead,33.83157301,-84.38479494,Pizza,4,360,$,30305
117,8k53N-zNw4RrSlVXm02ZMg,Bangkok Thai Restaurant,33.7955704,-84.3705218,Thai,4,219,$$,30309
118,iQCBhiTT2UNI3AtF0skqeg,JINYA Ramen Bar - Sandy Springs,33.918637,-84.378324,Ramen,4.5,1419,$$,30328
119,cblMeiEoWS4DXl88zSzbKg,The Nook On Piedmont Park,33.78606647,-84.37853664,American (Traditional),3.5,974,$$,30309
120,69xILr10eIRqWqXNk2UaEQ,The Original J.R. Crickets in Midtown Atlanta,33.771032,-84.383186,Barbeque,3,335,$$,30308
121,g0KkQmGXCtxkzHWoYEQa4A,Rina,33.77292,-84.364136,Middle Eastern,4.5,142,$$,30308
122,T_meTjtvslVWMn9_SAA7nA,Dagu Rice Noodle,33.891452,-84.285894,Noodles,4.5,45,$$,30340
123,ztY4uPNUTWMN9LT3L5mD3Q,Steamhouse Lounge,33.7834382,-84.3876564,Seafood,4,896,$$,30309
124,o5VbSIVutdRlkMYuI9yQag,Kelz Kitchen - Atlanta,33.75025119,-84.39527479,Southern,3,206,$$,30303
125,kD1mjIbvczeXBxDSluJaOw,DUA Vietnamese Noodle Soup,33.78422273,-84.38454906,Poke,4.5,108,$$,30309
126,_2LfhO4Mqa-owUtSFgSblA,BeetleCat,33.76266179,-84.35819658,Seafood,4,1074,$$,30307
127,yc5i6clFomkWXSVf5ifKFA,Salsa Taqueria & Wings,33.855008,-84.31475,Halal,4.5,70,$$,30329
128,HE1l6pB4_y97Rlmf8eJeNA,26 Thai Kitchen & Bar - Midtown,33.77702,-84.38313,Thai,4.5,274,$$,30308
129,6Rq3Bcs969L60aoMGIs5FQ,Sam?s Of San Francisco,33.7835395,-84.38476426,Burgers,4,93,$$,30309
130,Ofh5ckEEh1DDC9NuwnhySQ,Skinny's Restaurant,33.65906906,-84.41874695,Burgers,4,111,$,30354
131,syupO9nUauJsZvmvTZEMCw,Mangos Caribbean Restaurant,33.75571442,-84.38178253,Caribbean,3,566,$$,30303
132,x6exB5R70coQB0T-HvqtUg,Estrellita,33.74555952,-84.36853824,Filipino,4.5,47,$$,30312
133,TJPRsKH-YbeS00Ms2dHwOw,Black Bear Tavern,33.80751386,-84.39358406,Sports Bars,4,154,$$,30309
134,2mFCztBSJ_DpmfrK2uhbOQ,Anh's Kitchen,33.77799295,-84.3839473,Vietnamese,4,228,$$,30308
135,WpC8T9oazzH7A7yR5e56Vg,gusto!,33.80759387,-84.39350115,American (New),4.5,476,$,30309
136,1i63faxXI1TQ7pNlLp3IPQ,Cypress Street Pint & Plate,33.77740255,-84.3861437,Salad,4,1381,$$,30308
137,JnNdEhN7Ixr4NcsbvVZ0Nw,Thrill Korean Steak and Bar,33.917761,-84.381834,Korean,4.5,547,$$$,30328
138,klJKIbiGWDpPIVhWeb4tZQ,Folk Art Restaurant,33.76673686,-84.35286798,American (Traditional),4,1072,$$,30307
139,oHht-nDOJggesgQbpydcDQ,El Indio Mexican Resturante & Taqueria,33.89074237,-84.2126888,Mexican,4,174,$$,30084
140,z1RxkGJGGwK1LJnxhspVwA,Nowak's,33.7928146,-84.3517062,Seafood,4,122,$$$,30306
141,MVty6m-vnaG0vj0jFR8Qtw,Sean's Harvest Market,33.7884726,-84.36979783,Juice Bars & Smoothies,4.5,274,$$,30306
142,ghJK4RjF_P1jrwgfGmAW1A,Toast on Lenox,33.83028145,-84.35656965,Breakfast & Brunch,4,331,$$,30324
143,uXdQkuEtvLAzfc3MsO-sTQ,Mama's Cocina Latina,33.810996,-84.367084,Mexican,3,215,$$,30324
144,2uiFavCGvjlqDSkl1cIZPw,El Rey del Taco,33.89704566,-84.28191863,Mexican,4,922,$$,30340
145,aT1vy3mkhGFszLK0h-ZF_w,The Halal Guys,33.779761,-84.390017,Halal,3.5,133,$,30309
146,Qd6r9d5EcIRY3bWRW7-rBg,Heirloom Market BBQ,33.89864735,-84.44717853,Barbeque,4.5,1771,$$,30339
147,9ThQ2ad1pLnuhxkmpKOc1w,F£do,33.887762,-84.314717,Asian Fusion,4.5,457,$$,30341
148,S6pc488qCzUKLGwXDvCUoQ,Aamar Indian Cuisine,33.757311,-84.389912,Indian,4.5,519,$$,30303
149,L4sQMjGzK7eUoTlmGn2kNA,Publico Kitchen & Tap,33.784846,-84.38451581,Asian Fusion,4,658,$$,30309
150,U1UNjsdb4DzPoEnQ4O14pA,Botica,33.80535037,-84.394182,Spanish,4,180,$$,30309
151,5Z0M3VkIccVWVKsXDwUgoQ,PaoPao Ramen Factory And Bar,33.8153785,-84.31183283,Ramen,4,256,$$,30329
152,ZoFht0viJtWiAt4MeP6zvQ,Kat's Cafe,33.78112,-84.38103,American (New),4,239,$$,30309
153,aCHyEtJ_bKsi_UIVJufU7A,Ssam Burger,33.8116798,-84.4263763,Burgers,4.5,309,$,30318
154,Slj9yz_RfDRqiMRH8VxUMQ,Amalfi Cucina & Mercato,33.75947,-84.38693,Pizza,4,857,$$,30303
155,mrGPZWGL3VoF-FgVSnhIIA,JJ Fish & Chicken,33.72228033,-84.39280862,Chicken Shop,4,184,$,30315
156,Dm-JDo6Lu_ovANAlTr0BHg,Nina & Rafi,33.75610333,-84.36546924,Pizza,4,463,$$,30312
157,UcqHx8WJW894JyGiMyxspg,McCray's Tavern Midtown,33.786127,-84.387657,Venues & Event Spaces,4,197,$$,30309
158,lmqNHL01VGjOPMnO_HJ9RQ,Joy Cafe,33.784802,-84.383542,Breakfast & Brunch,4.5,1116,$$,30309
159,Dz7KT2Unf4BuMKw0fn5zzw,Himalayan Kitchen,33.89113951,-84.50468145,Himalayan/Nepalese,5,150,$,30080
160,6J-lSviMGkXXPldhncba_Q,Thaicoon & Sushi Bar,33.80443957,-84.33557598,Sushi Bars,4,387,$$,30306
161,ERVKNes7rXoQg4J0gWhMdg,Forza Storico,33.78678,-84.41226,Italian,4,293,$$,30318
162,T6iYwxezeqrlcCV7kR_GZg,The Dinner Shoppe,33.7897382,-84.30754985,Do-It-Yourself Food,5,10,$$,30030
163,hQKVopPevC9M3QIPdoVz4Q,Urban Wok,33.870094,-84.33736683,Asian Fusion,5,175,$$,30319
164,8_isPgON-y_f6igJnEeWRg,Metro CafÇ Diner,33.7599229,-84.3864441,Diners,3,578,$$,30303
165,ixer_k1KbAQATNtv3HFMiQ,EATaliano Kitchen,33.828058,-84.331736,Pizza,3.5,348,$$,30329
166,oXkUtWk-TR4QpSmAcKE93A,The Pirate's Boil,33.893052,-84.476023,Cajun/Creole,4,368,$$,30080
167,sRJ79RGt7a7V5ejrHtCA1A,Tacos La Villa,33.8929143,-84.4779433,Tacos,4.5,1000,$,30080
168,6DcaOhKuSj6TzSDH9xHOnQ,Philly Cheesesteak Place,33.81163763,-84.35724053,Cheesesteaks,3,62,$,30324
169,VNTQK9KS3Fe-b3aIL3JouA,Scoville Hot Chicken,33.847987,-84.374008,Burgers,4,62,$$,30305
170,x7UkqW5CQCGhyhKtL3pf6Q,Dipped?N Butter Atlanta,33.759495,-84.371061,Southern,3,74,$$,30312
171,6wGHem2o7migh4syWmmB8A,Ginya Izakaya,33.80048254,-84.40841789,Sushi Bars,4,522,$$,30318
172,UBd2nhPwAEEktL6ronTiYA,Hibachi Buffet,33.841335,-84.32689401,Buffets,4,67,$,30329
173,U9SK3eMMp1_MqLbRF8XjSQ,Botiwalla,33.772869,-84.366016,Indian,4.5,490,$$,30308
174,J6fjXfXxxIKDTDcBsR8MNw,Palacsinta,33.76503,-84.34157,Creperies,4.5,17,$$,30307
175,DOu8Wl1uZ28uQIP96DSx7g,Scoville Hot Chicken,33.890107,-84.380792,Fast Food,4.5,263,$$,30342
176,EmJOkTKIwgm7QJbls7hN3w,Seven Lamps,33.84703603,-84.36566228,American (New),4,962,$$,30326
177,mEzP1dtTlUY6BBAMDF100w,Hankook Taqueria,33.811352,-84.431628,Mexican,4.5,983,$$,30318
178,Hfg_gRsUCEE1-CdFVxa0dw,Kabob Land,33.84269152,-84.37045581,Mediterranean,3,263,$$,30305
179,14nIlMhxTXWnJg0Glrr-PQ,Top Spice,33.81336419,-84.31005008,Thai,4,561,$$,30329
180,wgvmFqXQYRmMvC6V--ISaA,One Flew South,33.64090358,-84.42579299,American (New),4.5,1097,$$,30320
181,dBy1wm6sxkGXkBLtzn_g5A,The Pup Truck,33.78200094,-84.38384056,American (New),4,35,$,30324
182,JLZ8RzxOm-0y6TeVwYszkg,Azotea Cantina,33.79264,-84.39615,Mexican,4,98,$$,30363
183,iNpKyGdjCb40PECLpyF-rg,Tuza Taco,33.7967894,-84.41582322,Tacos,4.5,239,$$,30318
184,Pl_BSZM-dS1R9v29H0hV_Q,Wagaya - Emory Village,33.78794,-84.32593,Japanese,4,167,$$,30307
185,LL4o_jeqBdf43nmfhPJNlw,6am,33.83156396,-84.34248425,Hookah Bars,3,31,$$,30329
186,y7LILyTW5Tei0eRciuPyDw,Peach Cobbler Cafe,33.81462885,-84.39128653,Southern,2.5,200,$$,30309
187,yyakxBb3bLHcnIxHUKJNgw,The General Muir,33.8009687,-84.3274858,Delis,4,1126,$$,30329
188,6RXnG0S3EDVSxe2FH8bZRw,Tuk Tuk Thai Food Loft,33.8016535,-84.39227394,Thai,4,922,$$,30309
189,e1RoEC5uvzXnLXbjuK3ZSg,Cafe Agora Midtown,33.78086385,-84.3843741,Mediterranean,4.5,333,$$,30309
190,QNYQGTAGsfLDEY-71yuT4A,Extreme Teriyaki Grill Express,33.8262453,-84.36613865,Japanese,4,74,$,30324
191,wutVo9ZjFu99HAAY4IGjhw,Bon Ton,33.7730374,-84.38033324,Cajun/Creole,4,523,$$,30308
192,uB7IZ1v0tdIckr8gH82R0g,La Mei Zi,33.8927899,-84.28620312,Chinese,4.5,561,$$,30340
193,ZSLZNh1K_WzQc7g9imj9pA,Mr Fries Man,33.75395,-84.3884,American (Traditional),4,33,$$,30303
194,g0-Vi4ycWDwwJiMTRnWCUw,Pasha Restaurant and Bar,33.828318,-84.365079,Mediterranean,3.5,246,$$$,30324
195,hyfGAQintBFY064gjLbRDg,Carniceria Ramirez,33.82055664,-84.45000458,Mexican,4.5,24,$,30318
196,BSTBdhf-F8IhZgqDNkmhOw,R. Thomas Deluxe Grill,33.804511,-84.393731,Vegan,4,1106,$$,30309
197,nQkcvNHx8FH00CefJV_0MA,Sri Thai Kitchen & Sushi Bar - Atlanta,33.79340961,-84.39776594,Thai,4,196,$$,30363
198,wZn9tnC6NC0wgIllBnrICg,Howell's Kitchen and Bar,33.8080588,-84.4128629,Pizza,4,298,$$,30318
199,ugI9muWVKnskfG98aB2euw,Bantam + Biddy,33.79826244,-84.37093117,Breakfast & Brunch,3.5,585,$$,30324
200,KDifarsprFUm2drLy3a-Eg,Serenbe Farms,33.522885,-84.732221,Farmers Market,3.5,28,$$,30268
201,Kwu_J2NlKBbGraGsxfM6vg,Jack's New Yorker Deli,33.84569734,-84.37205751,Delis,4,221,$$,30305
202,1V-qgtMZ48o4E4IWQbI-LQ,Sabor Dominicano,33.86495,-84.304981,Dominican,4,81,$,30345
203,kXsvTG6zzQt0xKP8jFUpMQ,Mirko Pasta,33.87007,-84.38057,Italian,4,260,$$,30342
204,1q3u0GmFKRKPV_ikCiCbUw,Gunshow,33.74070238,-84.35802848,American (New),4.5,1284,$$$,30316
205,BhZTAO6UedfIP5aRbbNWVw,K & K Soul Food,33.7734108,-84.41615295,Southern,4,111,$,30318
206,oPoBBnSQlil1SWkX802asA,Momonoki,33.779894,-84.390211,Cafes,4,441,$$,30309
207,077MWijQIKqatl7Dwl_P6w,Big B?s Fish Joint,33.88060555,-84.38083607,Seafood,4,224,$$,30342
208,FJat8LqjMoXHk668jPasuw,Amalfi Cucina & Mercato - Buckhead,33.84396229,-84.37307121,Italian,4.5,17,$$,30305
209,Nr3o2k7_ft9srS2FmVgZeg,Weeyums Philly Style,33.74085,-84.4131,Sandwiches,3.5,361,$$,30310
210,5OgTl9KjMnCI55ES5ZNMMw,baked kitchen,33.80281633,-84.42860095,Food Trucks,4,19,$$,30318
211,fxEOPETtJgUX4nRorh3A1A,Local Green Atlanta,33.75529857,-84.41739529,Vegetarian,4.5,251,$$,30314
212,QW3anlt1nJ9aNkdQAV-Ifw,Old Lady Gang,33.74969,-84.39933,Southern,3,2251,$$,30313
213,HixFtCUpMl5HsqnFt89qvg,Shake Shack,33.8376988,-84.3808584,Burgers,3.5,674,$$,30305
214,jh07n3CFoc8gskZ8F-2g9w,Farm Burger - Buckhead,33.847331,-84.372713,Burgers,4,767,$,30305
215,NM3TxWJs7kmF8sD1h3CfgA,The Little Farmhouse Cafe,33.886173,-84.266244,Cafes,4.5,423,$$,30340
216,bxSAt12j5awPA6YdrhrTOg,De One Roti Shop,33.86129,-84.01901,Trinidadian,4,92,$$,30078
217,3wAaNLqjzjMjn_bl_akunQ,Boggs Social & Supply,33.73731567,-84.4305275,Bars,5,15,$,30310
218,PVjEQAJFQOL5G1YtxqzJXg,Bad Daddy's Burger Bar,33.793739,-84.28352,Burgers,3.5,309,$$,30030
219,9TLfCS60bIu5DLY4JBfNLw,Lazy Betty,33.76279,-84.3375,American (New),4.5,180,$$$$,30307
220,NTI0hPCI37PMPqrhR8ibcg,The Independent,33.779415,-84.368005,Bars,4,142,$,30308
221,iGK--9XyrPwVNQOvP_EFgQ,Tamsung Thai Street Eats,33.84296,-84.37942,Thai,4.5,122,$$,30305
222,3ehyrexo3WcoTy74c2jDKA,Flying Biscuit CafÇ - Midtown,33.782,-84.38015,Breakfast & Brunch,4,1733,$$,30309
223,tWN6-1uF7HI4jOBrkD42AA,Crazy Cuban,33.7859399,-84.39645,Cuban,4,108,$,30318
224,WUochwfBPEFlel-b73SGRw,Pretty Little Taco,33.78737,-84.38339,Food Court,3.5,63,$$,30361
225,55RNcefyR5FXv6KtfTO4UQ,TydeTate Kitchen,33.80295875,-84.4285908,Thai,4.5,29,$$,30318
226,cf1SsKkNA7X4wyVnrXmMhw,Mercado Acapulco,33.81447121,-84.35298311,Mexican,4,50,$,30324
227,ZXUogKwrI9r-Xp7cIDj1SQ,Punch Bowl Social Atlanta,33.889166,-84.4698604,Gastropubs,3.5,590,$$,30339
228,qJl9D0f8KeWH1Kyegx6rfw,Superica,33.85995102,-84.381151,Tex-Mex,4,628,$$,30342
229,JgHRA6YYnNWffbT2Nq00Qg,Storico Vino,33.838746,-84.380091,Italian,4,47,$$,30305
230,LyizNBLFLB4Qkx_0_8_BaQ,Der Biergarten,33.76187372,-84.3966452,German,4,684,$$,30313
231,0qJXSTFBnNoh5lMD3LgE0Q,Bacchanalia,33.794608,-84.427268,American (New),4.5,738,$$$$,30318
232,i3tJgf3BhAej354EhrK7yg,Highland Bakery,33.76122,-84.366117,Bakeries,4,1706,$$,30312
233,5Yf__1twcUqmvDgjD6CW8Q,Lily?s Restaurant & Lounge,33.8366132,-84.37709485,American (New),3.5,109,$$,30305
234,GeWHToqhS4oZq2-UCYWR-g,Scotchie's,33.9298448,-84.37914499,Caribbean,4.5,56,$$,30328
235,-9Wf7fUFcwC-3gEBc9iapw,Zaxby's Chicken Fingers & Buffalo Wings,33.772519,-84.373454,Fast Food,2.5,142,$,30308
236,-XxrkVtHtQrPQBgbBNrYGg,Havana Sandwich Shop,33.8330334,-84.3406748,Cuban,4,477,$,30329
237,486cc9UG4qcBCMAkDFZoaw,Doggy Dogg Atlanta,33.79167557,-84.38802338,Street Vendors,5,1,$,30309
238,vAVPEtxIUXvsULfLsgxifA,Banh Mi Station,33.80151785,-84.42955811,Street Vendors,4.5,28,$$,30318
239,kl6Sg9VeUgHrmdB2hcdKmw,Canton Buddha,33.83432119,-84.38369434,Thai,3,178,$$,30305
240,XA6jXZCnZiJW5ahXtFxjDA,Sway,33.76152,-84.38672,Southern,4,462,$$,30308
241,xI56hTOOHsQfk-DZviOrxQ,The Original El Taco,33.786997,-84.355746,Mexican,4,466,$$,30306
242,78ocP9YyQFrYtIO1TTle2A,Zunzi's,33.80853,-84.41232,Sandwiches,4.5,271,$$,30318
243,tHcztJJDsdV6c4puuoJU4w,Bismillah Cafe,33.86077618,-84.30935421,Indian,4.5,325,$,30345
244,GqCFSzqDyDi45Zm0Oy75xA,Su's Chinese Cuisine,33.79638962,-84.37104242,Chinese,3,217,$$,30324
245,SolJmNfUSJMz55BShAc9vg,Louisiana Bistreaux - Decatur,33.79174571,-84.28651736,Cajun/Creole,4,586,$$,30030
246,yPjQBv6iyqMjZFnmRZWEQw,Rumi's Kitchen,33.92204914,-84.37953095,Persian/Iranian,4,1498,$$$,30328
247,uXPfA4tpQhrcJ4TD9VRBNQ,Hero Doughnuts & Buns,33.736624,-84.38672226,Donuts,4.5,126,$$,30312
248,QJg15IumG7wZl7Nb8jGzyQ,Woodward & Park,33.74609914,-84.37047409,American (New),4.5,56,$$,30312
249,YB7mBTPgHRSq_MGr2UQ1qA,Pijiu Belly,33.781325,-84.409632,Burgers,4,472,$$,30318
250,xVlchH1X5UdzaFSK1VzSYQ,ABC Chicken & Waffles,33.75567,-84.37639,Breakfast & Brunch,4.5,72,$$,30312
251,BWcserrn-VAvcWufKnsP_Q,Twisted Soul Cookhouse & Pours,33.78972,-84.42547,Soul Food,4,732,$$,30318
252,0Buo2rLovCdtUPH2C1RYlQ,the spicy peach,33.8167536,-84.3112714,Grocery,4.5,17,$,30329
253,kcvQRxHBtVccqi5vC0jOdw,Las Brasas,33.77828979,-84.29525757,Latin American,4,302,$$,30030
254,JIvAjPUZgQFuo4wb_MdvBw,Ray's In the City - Atlanta,33.76042765,-84.38779771,Seafood,4,1017,$$$,30303
255,VWuI68p6Ao_ENKaCGRazLA,Jack's Pizza & Wings,33.7614221,-84.36515143,Pizza,3.5,682,$$,30312
256,85s4Qh0VUxKCRFnEkHeXRA,Le Colonial - Atlanta,33.837408,-84.380267,Bars,4,329,$$$,30305
257,onjo9H9K8rNwPa6A0LDrXw,Atlanta Fish House & Grill,33.7143,-84.43551734,Seafood,4,120,$,30311
258,eMpjsFnB_Rv2p2l4nOwn1w,Takorea,33.921894,-84.3146,Asian Fusion,4,444,$$,30338
259,ZdEohT36LcY3eKh4fJMGRQ,Cafe Agora,33.839617,-84.377384,Turkish,4,771,$$,30305
260,xNm8xFkkm8ZhkSp4btnNvQ,The Family Dog,33.79283,-84.35256,American (New),3.5,120,$$,30306
261,XY8C5rxUW1CBFU0TicZLWA,Emory Farmers Market,33.7930298,-84.3271713,Farmers Market,3.5,4,$,30322
262,4pG0kfb_AQdJ8NJ9Qe872g,Le Fat,33.77825714,-84.40903129,Vietnamese,4,437,$$,30318
263,OFEnwG1VDgfa_bgOKPOn3A,Shoya Izakaya,33.90786763,-84.28672464,Japanese,4,982,$$,30360
264,DWhMnby2t-z1EwCNKGqAqw,Eats,33.773711,-84.3672046,Southern,4,571,$,30308
265,uhIQYIk5LpBlRho9n_D_7g,Bangkok Station,33.8373431,-84.3701132,Thai,4,430,$$,30305
266,58UbC9XukpoPC2fXGIlPiw,Park Bar,33.75811386,-84.39292145,Bars,4,563,$$,30303
267,oqxxscRne5rj5hyxCHpXqQ,Yumbii,33.8073749,-84.3935344,Mexican,4,313,$$,30309
268,1h3PYFnGPU62G6ct_If9-w,Callie's Hot Little Biscuit,33.782488,-84.3545174,Breakfast & Brunch,3.5,375,$,30306
269,F7d32-PQcfIEX-bAaMjV_Q,Nakato Japanese Restaurant,33.808668,-84.36461,Japanese,4,771,$$,30324
270,UZBLOyeCBfDeVpUcZSrpPw,Atlanta's Best Wings,33.754249,-84.267516,Chicken Wings,4,103,$,30032
271,RewS023eAFmP9AlOcemXkw,Blue India,33.77972002,-84.38351822,Bars,4,317,$$,30309
272,gyYIWVJKdnPfP6daKrL7ng,Mr Everything Cafe,33.75496,-84.41703,Greek,3.5,239,$$,30314
273,iw0L8SqeaDM_AQW7a5_8rw,Bonchon Fayetteville,33.479782,-84.439514,Chicken Wings,4,225,$$,30214
274,bCY3Jn1_p9GbCwnDzU-nDA,Hsu's Atlanta,33.75947017,-84.38628074,Chinese,4,386,$$,30303
275,OBKbp7rQg1_XQ29i_7HfDA,Louisiana Seafood,33.72195936,-84.46386882,Seafood Markets,3.5,42,$$,30311
276,VdcQMPVIIfsiHU2FUOyDNQ,Sweet Spot,33.907386,-84.287352,Desserts,4.5,235,$$,30341
277,JfgsCMKJOCMg1O2iK4ObWA,Sweet Georgia's Juke Joint,33.75869347,-84.38776373,Southern,3.5,1299,$$,30303
278,_qkEX2cEPXuGmpa_bunJ2Q,Salad Express,33.81747088,-84.34898741,American (New),4,134,$,30324
279,JtU6I681yEu4wswro9tQlw,Caribbean Chicken & Fish,33.79258,-84.26458,Caribbean,4,216,$$,30079
280,_lEHolD7sVt4-SnbuuAgcA,Eight Sushi Lounge,33.78025,-84.41095,Sushi Bars,4.5,1120,$$,30318
281,bv4cOTCE1Ul2Nc0QvVjmDw,Tuscany at Your Table,33.7832145,-84.3546688,Delis,4.5,41,$,30306
282,sf_qabw7syBl8zYzfWwJzg,Vortex Bar & Grill,33.7662727,-84.3493438,American (Traditional),4,1373,$$,30307
283,Dt4AlYWhgCa2PcFOp3TG1Q,New Orleans Daquiri,33.6072422,-84.4715002,Bars,3,136,$$,30349
284,ZMEZgMF9FkgR9yl_RJkWfQ,Fellini's Pizza,33.773584,-84.357644,Pizza,4,555,$,30306
285,xPNE432uqWzrN2LNEpW5MA,Ocean Wave By Harry And Sons,33.7769336,-84.352722,Sushi Bars,4,460,$$,30306
286,7895YHS5qGu03R-C6aYg9g,The Optimist,33.77999,-84.41069,Seafood,4.5,1858,$$$,30318
287,lBJRq_ih62mkK6ky1xXeYQ,The Boiler Seafood And Crab Boil Atlanta,33.821251,-84.367061,Seafood,2.5,176,$$$,30324
288,3CrAvu81KXQ31hdiL5_HTw,Mission + Market,33.85228949,-84.36728144,American (New),4,253,$$,30326
289,Jfo67szC_PYNYRaC8KE0EA,Spondivits,33.659193,-84.4290421,Seafood,3,1308,$$,30344
290,UG6_dVkv1I5AV7NS3CG6Kg,Cultivate Food and Coffee,33.8079251,-84.4128827,Breakfast & Brunch,4,429,$$,30318
291,uH03Mt5JCOFAkDbuSlrslw,Yakitori Jinbei,33.89333242,-84.47713391,Sushi Bars,4,496,$$,30080
292,ayKmm_KRg24ATWOm9X0-5g,Victory Sandwich Bar,33.76396179,-84.3575592,American (Traditional),4,373,$,30307
293,iP8UrvwgNTXLK5l4Gk-wBg,Mr. Hibachi,33.75414448,-84.38791467,Japanese,3,33,$,30303
294,5I0yJ_X7uyPmoJWzKRYDuA,Tacos & Tequilas Mexican Grill,33.7736518,-84.36690489,Mexican,3.5,697,$$,30308
295,pa2tgHK681W-Sx4fGgT1Vw,HOBNOB Neighborhood Tavern - Atlantic Station,33.792571,-84.396246,American (Traditional),3.5,171,$$,30363
296,4sHHbZz19H4-kwrAL1Vwmw,Hotto Hotto Ramen & Teppanyaki,33.72583426,-84.37695395,Ramen,4,192,$$,30315
297,AUV7Ocno9T8_qPlFeRSziA,Ted's Montana Grill - Luckie Street,33.75879,-84.39054,Burgers,4,948,$$,30303
298,s6T621i3GuGaIQXPm_Rh8w,The Wing Shack ATL,33.743984,-84.403906,Chicken Wings,2,77,$$,30303
299,SsEXyLovpmrYHL4mN9gTNw,Lavash Mediterranean Grill,33.83677,-84.3766799,Mediterranean,4,120,$,30305
300,-2nIowA3Nd68ogkfGhZBtQ,Politan Row at Colony Square,33.78774468,-84.38207826,Food Court,3.5,53,$$,30361
301,ot3e8rg8AxS5fQsuIUYZpQ,Spice House Midtown,33.786415,-84.3993617,Caribbean,3.5,65,$$,30318
302,osjBYoub1X1XOK7h99_ZGg,Doc Chey's Noodle House,33.793249,-84.351762,Asian Fusion,3.5,275,$$,30306
303,VeltgSQfU0geU7AdERTv5A,Passador Brazilian Steakhouse,34.03724837,-84.30610476,Steakhouses,5,108,$$$,30022
304,3-wYxXgVywsPz7-h4cdZIA,Elbow Room Bar,33.837269,-84.379231,Dive Bars,4,138,$$,30305
305,emWWcSEYCEVdfbpoQh313Q,BullGogi,33.7904,-84.30485,Poke,4.5,222,$,30033
306,-CHazLwo2j2G8gWEZN53hA,Eclipse Di Luna,33.83192764,-84.36170502,Tapas Bars,4,874,$$,30324
307,xZxu4OjuWeSPzEaYdK1Thg,Vinny's NY Pizza,33.79801353,-84.37066251,Pizza,3.5,70,$,30324
308,qJAoMZ773AMxN3ewp8cbQA,Purnima Bangladeshi Cuisine,33.877123,-84.293591,Indian,4.5,802,$$,30341
309,Or5vdm-okztVKK8-3Wm1FQ,Barcelona Inman Park,33.762945,-84.359655,Spanish,4,1303,$$,30307
310,mRswTpfo-vdYWeqhkBormw,Choong Man Chicken - Georgia Tech,33.7818237,-84.40458812,Chicken Wings,4,75,$$,30318
311,KXjEFdsGwVcTBM-OQoqucw,Gusto,33.77423859,-84.36177063,Salad,4.5,315,$$,30306
312,qS2Gg7_FH8iHFiorOVd7hg,Pasta Da Pulcinella,33.78532259,-84.38608825,Italian,4,780,$$,30309
313,CzuDIoKI1HvZNZM7Yyw4kA,Nick's Food To Go,33.74762573,-84.37973294,Greek,4.5,354,$$,30312
314,QM62Z2ib7XE9OmRKQGFyzg,Guac y Margys,33.75555241,-84.36532377,Cocktail Bars,4,257,$$,30312
315,MlXsuBBd9UwgBkQzrGDJqA,LanZhou Ramen,33.89481789,-84.2821337,Chinese,4,612,$$,30340
316,txuBUsi_VMKTCezmEm81qQ,Makimono,33.756519,-84.364207,Japanese,4,171,$$,30307
317,RKwTx6e4M-t-19Agw3Tylw,Philly G Steaks,33.80226117,-84.42859237,Sandwiches,4.5,19,$$,30318
318,TA1KUSCu8GkWP9w0rmElxw,FLIP burger boutique,33.7983428,-84.4157486,Burgers,4,1999,$$,30318
319,YIPzFF0CVgMCcly67VHgjw,bartaco,33.762498,-84.358631,Mexican,4,763,$$,30307
320,toxYMvr3wPzlCbYDfRji2Q,El Super Pan,33.77263128,-84.3656354,Latin American,4,381,$$,30306
321,6VTj9WahLNw8i6bKAA7kvw,Yard House,33.79356376,-84.39732403,American (New),3,1266,$$,30363
322,_iIk2J1I_6MaX3OUbbK_Gw,Benchwarmer's,33.8384243,-84.31097965,American (Traditional),3.5,160,$$,30329
323,RIiphmnqXCUL86SKj-uZ-A,Blind Willie's,33.777132,-84.352838,Jazz & Blues,4.5,103,$$,30306
324,qZM0JJpFNOCajK0_-ompmw,Muchacho,33.7467049,-84.3569,Tacos,4,278,$$,30316
325,jJ1ecSluTUZO6rm-zsDrRg,Sweet & Fresh,33.774037,-84.389226,Bubble Tea,2.5,33,$,30308
326,bJJK4Hgzdedu98FgtKi56Q,Brew and Bird,33.792235,-84.30513683,Beer Bar,4.5,170,$$,30033
327,Z3luDKGf-YOtXKvF-ys-lw,We Suki Suki,33.7410361,-84.3466235,Vietnamese,4.5,291,$,30316
328,fNRogWrbYpQAxw_JBvEqrg,Trederick?s Seafood & Grill,33.74268,-84.4078,Seafood,4,94,$$,30303
329,24--2r1ZEgnmJs5iVVAOgQ,Wagaya - Westside,33.786349,-84.398266,Sushi Bars,4,617,$$,30318
330,1VAX8KygRWcloSuv5x5o5A,Superica,33.75678567,-84.36401849,Tex-Mex,4,1045,$$,30307
331,eqFA5BJ5NDjZ4TaUXJazfg,Canoe,33.859863,-84.455464,American (New),4.5,2033,$$$,30339
332,FBV56x_A_S7zVdgIb7-phg,Cajun Seafood Market,33.711081,-84.444172,Cajun/Creole,4,136,$$,30311
333,ZL2FFjbdOWad_QFUABxZ-w,Ms. Icey's Kitchen & Bar,33.79279083,-84.30497483,Bars,4,691,$$,30033
334,ONlCcdUWXZ1NkVPDpyEO6w,Delia's Chicken Sausage Stand,33.74076,-84.34961,Hot Dogs,4,528,$,30316
335,KD3vnYvuHpfC_sYeWkgUTA,Poor Hendrix,33.7509636,-84.3093434,American (New),4.5,198,$$,30317
336,jhHhD-DLspBoq-dSzSy9Tg,Piu Bello Buckhead,33.84635612,-84.3749878,Pizza,4,312,$$,30305
337,o9zX-dh-zrNwM3eJQSpk_g,Arepa Mia,33.77695061,-84.26738396,Venezuelan,4,323,$$,30002
338,TL55X2Hlm427Wu85j5iC9A,Wings 101,33.82627115,-84.36614746,Salad,3.5,217,$$,30324
339,8AuXO56lW2hT1YuFn5pkuA,Battle & Brew,33.91705985,-84.38095057,Bars,4,302,$$,30328
340,9moxZgP5NW_Bdmfu-hzoAw,Tex's Tacos,33.81748899,-84.39604388,Tex-Mex,4.5,141,$,30305
341,ZDqXUa-ZnoS4xqqtWc8KUg,Moes and Joe's Tavern,33.78292,-84.35417,Dive Bars,4,158,$,30306
342,t9A9DI4-G3uboJ7cQk2Kcw,Saints + Council,33.78823526,-84.38316852,American (New),4,62,$$$,30309
343,IZgpCjRYTgsrHgOjMG0DqA,Gumbeaux's Cajun Cafe,33.750675,-84.749321,Cajun/Creole,4,729,$$,30134
344,YoalCbNCafRZfx_9lUeo7Q,Local Expedition Wood Fired Grill,33.919661,-84.350803,Chicken Wings,5,309,$$,30328
345,b6kJapy143QnbJieVPOHOw,Zyka: The Taste | Indian Restaurant | Decatur,33.797014,-84.283603,Indian,4,746,$$,30033
346,H-SuCyb6shwlj8ArpVEu9g,Establishment,33.78681204,-84.38213548,American (New),3.5,233,$$,30305
347,wxp44gtEaNFmms2LlzbQRA,Biryani's Place,33.92132616,-84.350924,Indian,4.5,57,$$,30328
348,of-NOfJvcaJf3mA3zH_ayQ,The Albert,33.7619465,-84.35756579,Bars,4,316,$$,30307
349,jPBySXO_3jOwdP4M473uXw,Boruboru sushi,33.80072119,-84.32651572,Sushi Bars,4,211,$$,30322
350,gbyWens4rcXY9Sz0OQLCJQ,Campagnolo,33.781391,-84.380943,Italian,4,379,$$,30309
351,ldvPr7TxCAdPHpnr5cDrNw,Twin Peaks,33.84742073,-84.37291215,Sports Bars,3,668,$$,30305
352,UQkGyTLwFUDNE25BJhAOXw,Chattahoochee Food Works,33.8029507,-84.42859106,Food Court,4,48,$$,30318
353,QMm_GT3hNnqbZc81jS88Jg,Farm Burger - Midtown Atlanta,33.78642963,-84.38908157,Burgers,4,73,$$,30309
354,OfTuwieBPSEAYfEW12-oZA,Snackboxe Bistro,33.90902086,-84.28805793,Laotian,4,371,$$,30360
355,vstZg6KabgKLVGXDRU-ttA,K BBQ Taco,33.7758067,-84.2963559,Korean,4.5,221,$,30030
356,Cpo12Ll90871tR1Se01CXQ,Supreme Fish Delight,33.7556458,-84.3758621,Seafood,4,12,$,30312
357,HcY5FBcFbuUkYh-4BM0YnQ,Firewall Food Stop,33.743579,-84.4382874,Pizza,5,42,$,30310
358,UV_3TRMvsciAWWcfHMoC2A,Bastone,33.7793562,-84.40974534,Pasta Shops,4.5,47,$$,30318
359,6ybXhVupSgXBfARs6JPccQ,Jimmy'z Kitchen Marietta,33.90267891,-84.48169545,Latin American,4.5,87,$$,30067
360,e4__sQMm35zJXKBHuVNwRw,Casseroles,33.79217,-84.35231,American (Traditional),5,45,$,30306
361,sug4wEcHRH5LLEPCGz8B_A,The Freakin Incan,34.06169353,-84.42220833,Food Trucks,4.5,281,$$,30075
362,KWv9pp8Jo6O2GkfFb9OLlg,Leon's Full Service,33.77550199,-84.29514668,Gastropubs,4,1063,$$,30030
363,vD3b2volt0NB180B_lwqCQ,Wingnuts,33.81429672,-84.33442688,Chicken Wings,2.5,109,$,30329
364,o-3ecYRWkOrYNdZjvjWW3A,JenChan's,33.7495371,-84.3679028,Southern,4.5,61,$$,30312
365,MCfr9tCTjFAxJovTy4KIIg,Salaryman,33.75093428,-84.3095872,Japanese,4,112,$$,30317
366,sb5XZaNaZbTOqfwMaR0cVQ,Gather,33.74656096,-84.37074903,Bars,4.5,45,$$,30312
367,oqqe_QoqTeg0Nc8kDO0J7g,Ten Seconds Yunnan Rice Noodle,33.90738,-84.28724941,Hot Pot,4,73,$$,30360
368,hVL_gLKPoCTMlS5Pux_XWg,Argosy,33.74126377,-84.346401,Pizza,4,646,$$,30316
369,E2ruSCs4Ag0WQmlhonXceg,Nanas Chicken N Waffles,33.64306,-84.0133,Breakfast & Brunch,4,865,$$,30013
370,fiWBrRGTMBfjEbcPBgk0UQ,Cook Out,33.785627,-84.407901,Fast Food,3,192,$,30318
371,q6FVApCsCKMm32Rg3UmTHw,Las Tortas Locas,33.85992368,-84.30899495,Mexican,4,55,$,30345
372,gGvNgShksetPoimyKV8I9Q,Hudson Grille,33.78039395,-84.38433072,American (Traditional),3,552,$$,30309
373,woqwnY24zG9Lw5TdjAg3nQ,Irby's Tavern,33.83948,-84.37709,Sports Bars,4,111,$$,30305
374,ZnddtXsSAsdETK3vjEfExQ,Falafel King,33.7884536,-84.3262452,Sushi Bars,4,265,$,30307
375,7-5uyxn3aErO961QwdFrXA,Panda Express,33.7738738,-84.39888691,Fast Food,3.5,12,$,30332
376,WHizPwoOLMqO50D58dwS2w,Pop's Soul Food Kitchen,33.700102,-84.457021,Seafood,2,35,$$,30311
377,c_CmgUFycE45_tSN22FrVA,Gochas Breakfast Bar | Cascade,33.72496888,-84.50914373,Wine Bars,4,626,$$,30331
378,8LQnBo_XtyizZo3P96piZg,Pita Mediterranean Street Food,33.782891,-84.380213,Mediterranean,3.5,135,$,30309
379,e11OhfbPNkoc2v8-IaO-2A,DC Wings and Bbq,33.75163278,-84.48841615,Barbeque,3.5,21,$,30311
380,Qb9cp70aBi9XosT9Pm097w,Bole Ethiopian Restaurant,33.6594751,-84.4408562,Ethiopian,4.5,388,$$,30337
381,Cc7zACxmaPH48KaQhrQnRQ,My Potato Factory,33.743291,-84.43753473,American (Traditional),4.5,71,$$,30310
382,U4BBB6tvLqr62Fm-QE3yiA,Farmer's Basket,33.845004,-84.361178,Fast Food,4,37,$,30326
383,lj1PkEP1jchQzUoy_2s0Rw,Kwan's Deli and Korean Kitchen,33.76089682,-84.3941935,Delis,4,380,$$,30313
384,8Vjb5ptpZb2N3iAOSiuj6g,Boxcar,33.729955,-84.418626,American (New),4,208,$$,30310
385,4fzjAjzLCnjWfQP1sOHiwA,Bones,33.8421514,-84.3710145,Steakhouses,4.5,1085,$$$$,30305
386,MDtuW6dXzF8-6xjwaBpRvQ,Bell Street Burritos,33.75703812,-84.36468506,Mexican,3.5,134,$,30307
387,kGb2Rnh3Uwni5k0qQY-05Q,Nuevo Laredo Cantina,33.80943403,-84.43679718,Mexican,4,1134,$$,30318
388,erY6-7HgKthhEuFSxhTNow,Circle Poke,33.7822186,-84.40776788,Poke,4.5,99,$$,30318
389,DRL1GpT6lsgmGEVVwn1Vkg,a mano,33.76374,-84.36806,Italian,4.5,293,$$,30312
390,tKWfHXdB5gTkZTLJbSkUXw,Raging Burrito & Taco,33.77442,-84.29547,Bars,4,760,$$,30030
391,mVytdeur9Ske_DswoYVqRg,Milk and Honey Decatur,33.71656,-84.21348,Breakfast & Brunch,4,139,$$,30035
392,SYR-50l8oJmxYUS5QkSPQg,Atlanta Food Truck Park,33.80639539,-84.41362381,Street Vendors,3.5,173,$,30318
393,4lz_AntYcTSCEPZmIet4YQ,Tin Lizzy's Taco Americana,33.78432591,-84.38492523,Tex-Mex,4,49,$$,30309
394,nEKUgjPvLNgJtJvPmU6RTw,Suzy Siu's Baos,33.75694608,-84.36384,Korean,4,194,$,30307
395,d5XXum-riBaqPDrvBWDDmA,This Is It! Southern Kitchen & Bar-B-Q,33.65587854,-84.49973813,Barbeque,3.5,331,$$,30344
396,z0w9sq3jo2GXR_oCix33-Q,Chando?s Tacos,33.8349298,-84.3837003,Tacos,3.5,35,$$,30305
397,ZWuIDsJQ-HRQ09fSVyJ3gQ,Oh K-Dog Doraville,33.908005,-84.288075,Korean,4.5,52,$,30360
398,FxnlmM9ksvIb1S5In_Tlyw,Taziki's Mediterranean Cafe - Toco Hills,33.81420648,-84.31001864,Mediterranean,3.5,69,$$,30329
399,MCF_zWF5gn1HQebVacRY3A,Tin Drum Asian Kitchen - Lindbergh Plaza,33.82569086,-84.36484507,Asian Fusion,3,202,$,30324
400,NEH9IVvl1e1vcSU0sK9YQg,NaanStop,33.7558309,-84.3894655,Indian,4,305,$,30303
401,JZF4FYjXsW6OYu-6UqJTLw,Bantam + Biddy,33.79329298,-84.39664145,Southern,4,28,$$,30363
402,xjGHzF5LyZyTWtQinHfUWw,Las Tortas Locas,33.91462,-84.37915,Mexican,4,140,$,30328
403,862FLo0SSy0CTuEmGDMG_Q,Little Trouble,33.785837,-84.412158,Asian Fusion,3.5,242,$$,30318
404,mdxEmkJmtWlSoZorRlfFYg,The SOS Tiki Bar,33.7738122,-84.2950894,Caribbean,4,194,$$,30030
405,GgwjulR_-ik36RnEr_MVug,Torched Hop Brewing,33.77226,-84.37928,Gastropubs,4.5,413,$$,30308
406,aO2fVDgBPNTUvPjfRmjTXQ,Nonis,33.75427327,-84.37596786,Italian,4,530,$$,30312
407,LoMpMSfzVd1g-5szne8V3w,Sun in My Belly,33.76397,-84.3165,Breakfast & Brunch,4,1278,$$,30317
408,VtuUHBBYbZdrgfHjBe830g,Zeke's Kitchen & Bar,33.84560886,-84.50421622,American (New),5,98,$$,30080
409,Ti9QF4CzJnlJyFd9J1iaRQ,LT New Orleans Seafood Market,33.7393169,-84.4178149,Seafood,3,10,$$,30310
410,4fautGvJbORPNxHQwLvOYQ,Grand Lux Cafe - Atlanta,33.8525561,-84.3622013,Desserts,3.5,323,$$,30326
411,5ceSijdlBTyoi21uBXslYA,Atlanta Burger Tour,33.799445,-84.392477,Burgers,5,7,$$$,30309
412,XzWLpzKHQLnJiNM_INxBag,Landmark Diner,33.85419,-84.3830359,Diners,2.5,355,$$,30305
413,tVbX_jDTw_FEkalHTOiONQ,The Bowl,33.943047,-84.5158,Japanese,4.5,349,$$,30062
414,wuba10gZw-FUp7iWFQzdqA,Alma Cocina - Downtown,33.75915631,-84.38744444,Latin American,4,1139,$$,30303
415,i6BRPGEuE1EB7GtEhvoCxw,Fellini's Pizza,33.809163,-84.412621,Pizza,4,383,$,30318
416,uO4A77jXMPfZmlbf_52zRw,BoccaLupo,33.75474958,-84.36280131,Italian,4.5,604,$$,30307
417,UU2rGqY9_o5qbhoRmx7S8A,The Majestic Diner,33.7736651,-84.353664,Diners,3.5,380,$$,30306
418,43zXYchEmcTmaRV2pvvicA,Restaurant 10,33.75483,-84.40322,American (Traditional),3.5,176,$$,30314
419,X61Is14DjGAF04d6v2R66Q,Candytopia,33.8456113,-84.3729013,Candy Stores,4,214,$$,30305
420,JjoB7KXNk0qYJPO_RUGC3g,Irie Mon Cafe,33.80367694,-84.39384298,Caribbean,4,123,$$,30309
421,07pvX0L8MG1L43CX-xhcSQ,El Vi§edo Local,33.774486,-84.385448,Coffee & Tea,4.5,66,$$,30308
422,dgnA9CPdjjcRYxzfbr4EMA,Ph'East - A Far East Street Feast,33.88795171,-84.470547,Asian Fusion,4.5,55,$$,30339
423,i2hFzMk8cRfh5lZh6WuMyQ,Johnny's Chicken and Waffles,33.65362,-84.44975,Chicken Shop,3,311,$$,30337
424,W7Wj5Ju3D6NbwryrsmJykw,Brack's Kitchen,33.86035,-84.381851,Salad,4.5,95,$$,30342
425,ZX-_FYo_GW0W2i597jJTBw,Ray's Southern Foods,33.64226,-84.36159,Southern,4.5,116,$$,30297
426,5bYODr_tE5NJ2QXt1-4-uQ,Dave's Cosmic Subs,33.787864,-84.32759286,Sandwiches,4,242,$,30307
427,flrsv0dum7T68jy7QSDRKw,Marcel,33.78592786,-84.41229277,Steakhouses,4.5,688,$$$$,30318
428,sQNXJVQ-nmy8tHWTuWG_MQ,King + Duke,33.8392039,-84.38077414,American (New),4,907,$$$,30305
429,UW1NFjJ8S4W0uCy8M6Vpog,Mamak,33.89345422,-84.2847601,Malaysian,4,658,$$,30340
430,8pe8lwDLrYaK56v_or-zLw,Ton Ton,33.773011,-84.365651,Ramen,4,623,$$,30308
431,BCX5AphsZXMscYW4HNYFtw,BBMyun,33.961329,-84.134206,Noodles,4.5,107,$$,30096
432,24VAjD2pvFPJw5puUx2khA,Fia Restaurant,33.85257,-84.38145,American (New),4.5,106,$$$,30305
433,Cd9xp84ReJiGMJ65ISgrgA,El Bandido Mex Mex Grill,33.76333309,-84.35159676,Mexican,3.5,328,$$,30307
434,6EkeHDRJRoojZYRYhEHIQw,Daddy D'z BBQ Joynt,33.7469849,-84.3789833,Barbeque,3.5,811,$$,30312
435,OFKwLTYUbJi8MNhuijdhTA,Yumm Teriyaki,33.75237,-84.39222,Japanese,2.5,80,$,30303
436,t8YtbIQadQJhfztevSkfvQ,Big Easy Grille,33.811701,-84.4245536,Seafood,3.5,173,$$,30318
437,pIuNMQ3oa9f078Hm0wmNbw,Gio's Chicken Amalfitano,33.78489,-84.40566,Italian,4,421,$$,30318
438,-FuH9BhSwewBmvlSZH4DFA,Bell Street Burritos,33.804603,-84.393756,Mexican,3.5,264,$,30309
439,I0bHwNEc8oHSWZgAXIPmng,Chris' Caribbean Bistro,33.845957,-84.50241,Caribbean,4,194,$$,30080
440,nC06KAmCvwjK6GFIE414cw,Golden Drops CafÇ,33.80619787,-84.31078691,Coffee & Tea,4.5,294,$,30033
441,8XB37Y7YMjrpltgN09FBXg,Banshee,33.73995,-84.3459,American (New),4.5,79,$$,30316
442,EvpaNOrJPEa_tuLI0sQjbg,Rowdy Tiger Whiskey Bar & Kitchen,33.778379,-84.38782,Southern,4,143,$$,30308
443,8Sur3oBKyht2J_PKyDtWyw,Talat Market,33.731809,-84.383981,Thai,4.5,68,$$,30315
444,WC_QSlatxJmEa7a6ME7f1g,Yokohama Sushi,33.90009,-84.27828,Japanese,4.5,206,$$,30340
445,K2KLY2Ita4Av0jkJFXFBPQ,Double Zero,33.7879801,-84.3262274,American (New),4,203,$$,30307
446,gqaTjiGYqkM_mFHI6MCDdA,Farmers Basket,33.7609953,-84.3875324,Comfort Food,3.5,23,$,30303
447,7H2OQaCoGKK0fzgq9DnoBw,Wonderkid,33.7463761,-84.3604882,Diners,3.5,125,$$,30316
448,jnxAqBo6r8gUut7A3pjAkw,Samad Mediterranean,34.00007,-84.349453,Mediterranean,4.5,267,$,30350
449,ynSQ66DHsjye1uuLupbnag,Poach Social,33.73183,-84.38403,Breakfast & Brunch,4.5,119,$$,30315
450,vBKwHwBqkFdxw4VetbYSxQ,Kang Nam Japanese Restaurant,33.9065,-84.26862,Korean,4.5,414,$$,30340
451,BHkN76-VeU_Jqd1dbjXM4g,Bad Daddys Burger Bar,33.88851,-84.31489,Burgers,3.5,463,$$,30341
452,eMyl3yZ4_NEVo9huLcEdoA,Buena Gente Cuban Bakery,33.792692,-84.305006,Coffee & Tea,5,85,$,30033
453,HxRVo7HBN9PEbQwqzzp-8g,Five Daughters Bakery,33.772842,-84.365784,Donuts,4.5,269,$$,30308
454,OqyzcQ40ujBej_Y_DJF1Ng,Tiger K Cupbob,33.96020009,-84.13609698,Korean,4.5,99,$,30096
455,AWsOwlorVHRSpgPJy1I0eg,Fresh To Order,33.77827193,-84.38454554,Sandwiches,4,418,$$,30308
456,CcIS8RDNCtJUbxCduIEyAg,Sugar Factory,33.783451,-84.384036,American (Traditional),2.5,526,$$$,30309
457,QO9ef69Fexf0Mb1CZQopbg,Proscenium Cafe and Market,33.786326,-84.383714,Cafes,4,13,$,30309
458,1_JJaNLnedujQIAu6i10jQ,Bantam Pub,33.76619,-84.36298,American (New),4,346,$$,30312
459,UArrtEE2cqje1VxN0FoMAQ,Hans,33.777105,-84.474263,Chinese,4,23,$,30318
460,PRAMarOblsHQ8Zhtx-Xi_w,Whealthy,33.9268,-84.37899,Asian Fusion,4.5,43,$$,30328
461,QnUraSEb3oGqKXHTi29_kw,Tum Pok Pok,33.88778254,-84.28863475,Thai,4,207,$$,30341
462,NE6mtahqArszrQM7D7JWuA,Babylon Cafe,33.816704,-84.351807,Middle Eastern,3.5,174,$$,30324
463,8PcTmvfMShQkdS4qDbyzog,Sweet Auburn BBQ,33.772481,-84.352746,Barbeque,4,709,$$,30306
464,SfWfkKW060BhKx8COa8OBw,THAT Burger Spot,33.54931,-84.41332,Burgers,4.5,334,$,30274
465,nYtEOPouaiqfP_kxYNkjBA,Hippin Hops Brewery,33.74031,-84.34478,Breweries,4.5,96,$$,30316
466,WF4_Nqgdbn_nJHwhXmgfRQ,Slim & Husky's Pizza Beeria,33.78261,-84.411755,Pizza,4,442,$$,30318
467,-xgd4Gcq2a9BPJSHcEcn8g,Bread & Butterfly,33.76242312,-84.35809974,Breakfast & Brunch,4,428,$$,30307
468,6vqRZLIJdyO6G95F5Gp3Dg,Gutbusters,33.72927,-84.28152,American (Traditional),4,69,$,30032
469,vZZkp535c3i5GvM0un_v3g,8ARM,33.7738023,-84.364226,Cocktail Bars,3.5,243,$$,30306
470,k_-MIfRso4yI_4tMWPYFMQ,Fellini's Pizza,33.87602354,-84.38002321,Pizza,4,275,$,30342
471,gGelVRfGdtsczxwbspGPxg,Bucket Shop Cafe,33.849361,-84.360852,Cafes,3.5,263,$$,30326
472,cuUAZhrX4JQoqpgrJe1wkw,The Rusty Nail Pub,33.83315277,-84.34139252,American (Traditional),4,153,$$,30329
473,l4yLq7itIFNCveWFgaQ1aA,El Progreso,33.714359,-84.3683158,Butcher,4.5,118,$,30315
474,oh5M6gu45QP1kIAw2CBATA,Tribeca Buckhead,33.80881,-84.36432,"Beer, Wine & Spirits",3.5,124,$$,30324
475,n0JBGWwGj8j7klyttisBqA,Karv Kitchen,33.88968943,-84.31311923,Mediterranean,4.5,115,$$,30341
476,5ilL1M546SrC1uqNxPH8Fg,Pig-n-Chik,33.80551,-84.33593,Barbeque,3,155,$,30329
477,-DISJqPp4zcDVw7R-MOjog,Dragon Bowl,33.78824253,-84.32664361,Japanese,3,211,$$,30307
478,eMJGDVzTH7mbGNWIfz6jcQ,La Tavola Trattoria,33.7824462,-84.3549399,Italian,4,555,$$,30306
479,wC872epL_wEZUVfg3D2ecQ,Fresh To Order,33.84703832,-84.36821545,Sandwiches,3.5,191,$$,30326
480,5v37237VVg7Uca19dPOoyw,DaVinci's Pizzeria,33.7892185,-84.38798247,Pizza,3.5,469,$$,30309
481,lf8ewHQ4YGv6ogKbAAdrlg,Poppin Pita Grill,33.78603556,-84.4008184,Mediterranean,4,154,$$,30318
482,_cxOC-jzriK2zcQj2QxBcw,Embilta CafÇ & Restaurant Ethiopian Cuisine,33.8127799,-84.35473,Ethiopian,4.5,153,$$,30324
483,HuS5TUrZgWQL4lqzsi_w7g,Mochibees,33.96131637,-84.14417932,Donuts,4.5,61,$$,30096
484,qHNfi8exkBnwNovAD8zCTA,Bellina Alimentari,33.77292348,-84.36622143,Italian,4,364,$$,30308
485,kaM6vh1hRpL_qh9zFodGTw,Southbound,33.89234,-84.30109,American (New),4,762,$$,30341
486,Xt8eA8dyPqw_5NxK54Ye9A,9th Ave Street Food,33.7376751,-84.4156224,Food Trucks,4.5,34,$,30310
487,P7yn2PfQvYTeP2X9DWWzZQ,Girl Diver,33.7459407,-84.35616794,Vietnamese,4,165,$$,30316
488,LSLxLdweU8P8akFWoBOkpw,Ivy Tea House,33.94036,-84.21265,Tea Rooms,4.5,44,$$,30071
489,HZ4y1OEU7-1Y0y7CMdotLQ,Poke Burri,33.740908,-84.346454,Sushi Bars,4.5,414,$$,30316
490,rY1Abga3_k9sbDoLnVivFQ,Brown Bag Seafood,33.78690646,-84.4121992,Seafood,4,49,$$,30318
491,wRNzDZ3YK1DHZiGaAWFiiA,Carroll Street CafÇ,33.7489815,-84.3678513,Bars,4,539,$$,30312
492,-lPbwmwui7oKkSEAqqClGg,Steak ?n Shake,33.8171906,-84.31213371,Fast Food,1.5,276,$,30329
493,HWOFSqZ6-pNHgln3kroSMA,International Bakery,33.813373,-84.3534936,Bakeries,4,118,$,30324
494,JTA8CYoXrxSp1-p3vVcwJw,Edgewood Pizza,33.7544349,-84.3719299,Pizza,3.5,265,$$,30312
495,96gSiv2ZT4-NVa4Z6d4c3A,Varuni Napoli,33.7965075,-84.3687998,Pizza,4,524,$$,30324
496,VFXPae9lrjGmcU5GeY5YHA,Red's Beer Garden,33.718423,-84.368105,Hot Dogs,5,59,$$,30315
497,ux7x7YeKepf1LCUdjUsbkQ,Big Daddys Dish,33.60333088,-84.47280072,Soul Food,4,371,$$,30349
498,VfP7OsUxdtXW17Iw5hPPow,Chick-fil-A,33.6563816,-84.4040053,Fast Food,4,371,$,30354
499,Z8stAuJhPa4d26MHVezemA,Twisted Kitchen,33.78036525,-84.38921122,American (New),3,63,$,30309
500,JNKI7qIBxH4bRPgybSKr_w,Daejanggum Korean Cuisine,33.907699,-84.28806,Korean,4,20,$,30360
501,ROLtydC7Y_30DA8r83ZU5g,PONKO Chicken,33.87815444,-84.27035093,American (New),4,516,$$,30341
502,dQE5Phtua9QHp0Pdt68dMQ,Fresh 4 U Mediterranean Cafe,33.80770793,-84.39336512,Mediterranean,4,118,$,30309
503,-z8D7z4o1VXEJtxJTcH1fQ,Bartaco Chastain Park,33.85837187,-84.38141832,Mexican,4,694,$$,30342
504,vEEBrJniHdEfnjOb77nHtw,Mali Restaurant,33.7874551,-84.3557158,Thai,4,415,$$,30306
505,sGLko0MwCs6hlRCXTD_bug,"Cheba Hut ""Toasted"" Subs",33.773777,-84.405882,Sandwiches,4.5,57,$$,30318
506,VkSRGK40vArClu3CDuQyqQ,Qu?c H??ng B†nh Mç Fast Food,33.89268107,-84.28529533,Vietnamese,4.5,543,$,30340
507,Wh7BY3ANJ2aPX1Qs3cp-gA,Shields Meat Market,33.78803965,-84.32725731,Meat Shops,3,35,$$$,30307
508,UI8tX_Rq9u04w4dKOakREQ,Taqueria Tsunami,33.7463115,-84.3578986,Asian Fusion,4,85,$$,30316
509,2VTUvyDnORl1agrRR2qUSQ,Gato,33.76492572,-84.33318241,Breakfast & Brunch,4,311,$,30307
510,L28p1VK0DUcW4bmkFtizsg,Vickery's Bar & Grill - Glenwood Park,33.74027,-84.35734,American (Traditional),4,234,$$,30316
511,ptaI45_CQ-FFw5_r85xUdg,Marlow's Tavern,33.77968,-84.387493,American (New),4,610,$$,30309
512,i14zWEwqfXU7jLO7Nm0Vrg,International Cafe,33.83726501,-84.33646393,Sandwiches,4,113,$,30329
513,m9OfK-nCIxMB-DCu0lU8Vg,Agavero Cantina - Atlanta,33.78955473,-84.42575141,Mexican,4,301,$$,30318
514,I5AKbUIVY6gM_3Q6G45kyQ,Chai Pani,33.77562351,-84.30273862,Indian,4,909,$$,30030
515,qbFXEqi7fbq2nOro_CMY8w,Mellow Mushroom - Atlanta,33.7649533,-84.388648,Pizza,3.5,299,$$,30308
516,MOHaDv9dBXIvVGS_DSZVrQ,Ammazza,33.754287,-84.367947,Pizza,4,600,$$,30312
517,CVKjgWvP2PrmoygJJKYWKQ,Sokome,33.75583554,-84.39122658,Korean,4.5,55,$,30303
518,fAJkr_g6cwb7nE2XXU7SKA,Fulton Bay Seafood Corporation,33.61322,-84.52011,Seafood Markets,4.5,17,$,30349
519,IOidr6TTOVmGprpnTjnAnA,Brito Supermarket,33.83679581,-84.33717346,Grocery,4.5,23,$,30329
520,6FHhUc7wwxIKVXDY431QcQ,Touch,33.7859348,-84.40095372,Indian,3.5,170,$,30318
521,4T94pO46YPpdG-hX6buvdg,FIGO Pasta - Buckhead Upper Westside,33.811966,-84.426416,Italian,3.5,189,$$,30318
522,crq0Y_sVNe-CddE6nj-yjg,Murphy's,33.7820899,-84.35487,American (Traditional),4,1202,$$,30306
523,OKkPmroLaQfiXP8HwiFzKA,The Earl,33.7409034,-84.3460363,Dive Bars,4,321,$,30316
524,pKvT7mixZLS3bJoxzsVbPw,Virgils Gullah Kitchen & Bar,33.6537,-84.44976,Soul Food,4,427,$$,30337
525,LfMMRiSRrawjIJJMfvqwRQ,Grant Park Market,33.74659549,-84.37083855,Grocery,4,88,$$,30312
526,kxQmMH3Ppfyl8YF0g6hNfA,Southern Belle,33.77338583,-84.35319583,American (New),4.5,96,$$$$,30306
527,2SZKV3w6GsLjclavdFfcJQ,Georgia Beer Garden,33.75455,-84.373885,Beer Gardens,4,85,$$,30312
528,sDEfnTYtY2_c2pOq0VLQjg,Baltimore Crab & Seafood,33.72399883,-84.51043882,Seafood,3.5,303,$$,30331
529,iLEcYgsRwQrNmUhyvXSw2g,Le Bon Nosh,33.8413586,-84.38167607,Cafes,4,47,$$,30305
530,SjrWj9ZzDEmnAFwUD-ekMA,Emerald City Bagels,33.73996,-84.34646,Bagels,4,267,$,30316
531,GZXfT_c8Hx6rjTOWY4Veuw,Max's Coal Oven Pizzeria,33.76157538,-84.39643139,Pizza,4,685,$$,30313
532,IiJKSIAm5qYXETzb6ipPAQ,"Saito - Sushi, Steak and Cocktails",33.75961361,-84.38710017,Sushi Bars,4,54,$$,30303
533,AaIE0Lh51wBrGElQRqhydg,Caribbean Delight,33.739365,-84.41337,Caribbean,3,48,$$,30310
534,7zp7WjComp4c4_Hf0_tA6A,Rising Roll Gourmet Cafe - Atlantic Station,33.791768,-84.39412316,Sandwiches,4.5,12,$$,30363
535,C33xQchb9I70T3IEJmZYkA,TasteBuddz Atl,33.73992722,-84.25358356,Burgers,4,100,$$,30032
536,BGnwF9DgMup3rD2jtX8jcA,Wats Crackin Garlic Crabs,33.74233705,-84.28940468,Seafood,3.5,300,$$,30317
537,1PlG93bSjvh-qAaZbb-bYg,Atlanta Smokehouse,33.9125676,-84.492151,Smokehouse,4.5,17,$$,30067
538,DbFvC1yQPxDCrZ_NdAwYTw,Burger Win,33.74295876,-84.3489705,Burgers,4,155,$,30316
539,FaGjwwrCGJldaJ3g7GkOHA,Hibachi Express,33.84350077,-84.25751827,Japanese,4,59,$,30084
540,QHhSs3JJ2k9tJufA4QUtYw,Barcelona Westside Ironworks,33.78475539,-84.41087804,Tapas/Small Plates,4,548,$$,30318
541,sPj_tUnN6aOf428wG5_X2Q,Nagomiya,33.78174294,-84.38828271,Sushi Bars,4,63,$$,30309
542,jtfzLGZySu-auGTyXa-uMQ,Parkside Kitchen and Cocktails,33.7250612,-84.3770603,American (New),3.5,36,$$,30315
543,R2Z5PCn1aLb3Dy90Mw5eFQ,Alluvia,33.77924375,-84.38821726,Steakhouses,4.5,11,$$$,30308
544,VK2UfEbvVaZeJo8pRmD2ZQ,Nikolai's Roof,33.76157037,-84.38328386,French,4,174,$$$,30303
545,VPHHN4tSCJSJg2n6iaslfw,Marietta Diner,33.94474,-84.51804,Diners,3.5,1889,$$,30060
546,xCWwaGpb6YJoErcADJM6rA,Mellow Mushroom Atlanta - Emory,33.816198,-84.332845,Pizza,4,232,$$,30329
547,rr4SoOVMQvot1_aO1XmlRg,Flower Child,33.8461504,-84.3650485,Salad,4.5,302,$$,30326
548,F5LMRy89wY6QiALMqTZDOA,The Halal Guys,33.885861,-84.287768,Halal,3.5,481,$,30341
549,J9R19-oALI6SWKfcRfkdWQ,Righteous Room,33.773479,-84.352948,American (Traditional),4,145,$,30306
550,lzjpltQtAk0O3upoN88ttg,Flatiron Restaurant & Bar,33.7400469,-84.34510013,Burgers,3.5,206,$$,30316
551,aD1lyXcPrU1pVt4xNxFD6A,Blue Crab 2 Go,33.624371,-84.47446,American (New),2.5,3,$$,30337
552,WziqGmt6LHfwfbh_R3aJug,The Lawrence,33.779413,-84.382475,American (New),4,732,$$,30309
553,g9YfGaCb49yrLb7FpD9A7g,La Grotta Ristorante Italiano,33.82662157,-84.38663707,Italian,4.5,329,$$$,30305
554,sGIMw2xTZI9sblShkQkYyA,Taste of Tropical,33.7409096,-84.4171066,Caribbean,3.5,66,$,30310
555,NCdyIQbvr4zwqbR3MlEjJQ,Fred's Meat & Bread,33.7567626,-84.36400634,Burgers,4,622,$$,30307
556,W6unkmXcb8z6iYDWzHNEMQ,The Deer and The Dove,33.77448,-84.29508,Restaurants,4,79,$$,30030
557,ep8FZV14eRfpl6rNeM3-6Q,New York Sandwich Shop,33.7389336,-84.4178238,Sandwiches,4.5,39,$,30310
558,-MV3DQZv9igVp11LERiPZQ,Colonnade Restaurant,33.8095565,-84.3609942,Southern,4,483,$$,30324
559,1NNDLQOc_ccLkyJL9c2oRg,Savage Pizza,33.767331,-84.349407,Pizza,4,400,$$,30307
560,g69xDJBuY854793iiu_iog,Flying Biscuit CafÇ,33.84487166,-84.37151328,American (New),3.5,539,$$,30305
561,Di-sYipYN12ZvWn-P9ek1w,Lola's Burger and Tequila Bar,34.02424,-84.36179,Burgers,4.5,108,$$,30075
562,_HiO9NCE-WQYSRvorWyS6w,Playa Bowls,33.75578,-84.365575,Acai Bowls,4,146,$$,30312
563,yUQBtNuGsHoNIOXVyAw6wg,The Beverly,33.74055,-84.36135,American (New),4,139,$$,30316
564,mhR1stxMxsUd1yqlRz7JsQ,Huskey?s Kitchen,33.736213,-84.309024,Breakfast & Brunch,4.5,40,$$,30032
565,qkFD9DsHFZtvHP5cHvQAGQ,Halfway Crooks Beer,33.73710593,-84.385871,Breweries,4.5,44,$$,30312
566,XYuYMqRNNR7bbXpLOwiemw,The Pig & The Pearl,33.79336579,-84.39770628,American (New),3.5,632,$$,30363
567,ecV-i8VUC0v9aLaL4gtMBA,Java Saga,33.886558,-84.265307,Coffee & Tea,5,124,$$,30340
568,62quAW2Be4axCuOz9jkS0Q,Tin Lizzy's Cantina,33.759783,-84.386689,Tex-Mex,3.5,357,$$,30303
569,lsbxtz0vpccDBvA988k80A,Red Pepper Taqueria,33.84267,-84.37027,Sports Bars,3.5,567,$$,30305
570,6rzELGo2Y00d1D28xO30kw,The Real Milk & Honey,33.65377,-84.44973,Breakfast & Brunch,4,702,$$,30337
571,16pyiWyaQXDXFXqqanAB6g,Fire Stone Chinese Cuisine,34.009615,-84.575366,Szechuan,4.5,415,$$,30144
572,_1GbT1xTQGJ075MGlYJvVw,Poke City,33.81477488,-84.39107928,Hawaiian,4,53,$$,30309
573,R5iWLAuA0cpAe-zUPBeVUw,Empire State South,33.7811208,-84.3836503,Southern,4,807,$$,30309
574,tcoa1RXBYLDkvckGTB1KyQ,Xhibit Studio Kitchen & Bar,33.7930727,-84.3878849,Bars,3,15,$$,30309
575,bhGLJ3MdqAKmLHANNH-L3g,Ecco Buckhead,33.8533871,-84.3601915,Modern European,4,124,$$,30326
576,V180gNQGyrai_EABP5I-7A,Huge x Brash,33.79256895,-84.3861,Coffee & Tea,4,46,$$,30309
577,fNqT8wr-MBGE8g6u0s1mLA,Hello Chicken,33.896642,-84.280921,Korean,3.5,249,$$,30340
578,Pl2c7HLD9UgFL2zHP0cZVQ,Tabla,33.78440129,-84.38514869,Indian,4,594,$$,30309
579,fQwyxtDT-6BtoJn4ue_CHQ,Phat Phish CafÇ,33.72551346,-84.32281494,Seafood,3.5,42,$,30316
580,lE6nbsCARYaECRXjJm0ltA,Zesto - Buckhead,33.82274,-84.36693,Ice Cream & Frozen Yogurt,3.5,98,$,30324
581,FnP7PHAJfO0VUCmiPvP8yA,Dos Bocas,33.76201,-84.39575,Cajun/Creole,3.5,76,$$,30313
582,HVMQidKegc9wqCBtB8dMsQ,Extreme Teriyaki Grill Express,33.80422015,-84.41277627,Japanese,3,83,$,30318
583,rNmAxOkEJ07_YHAxHKyH4Q,Hawkers Asian Street Food - Atlanta,33.756326,-84.36546,Pan Asian,4,444,$$,30312
584,YES12b8B0afEx-SWv-o1nw,Dua Vietnamese,33.75557872,-84.38936628,Vietnamese,4,408,$$,30303
585,zofErJnOL4I0QKoVr_ZN6g,Pho Dai Loi 2,33.86517905,-84.30500913,Vietnamese,4,1068,$$,30345
586,h3U949fW6s61M_pyTkovZw,India Club Grocery Delivery,33.77543633,-84.39555796,Food Delivery Services,1,2,$$$$,30313
587,7AZg3jvfTR3f1FRHg8hXKg,Rodney's Jamaican Soul Food,33.8925997,-84.47663574,Soul Food,3.5,568,$$,30080
588,MQC1Ji988f9u4kAcV7eSwQ,Backstage Atlanta,33.6170199,-84.47152,Southern,3.5,66,$$,30349
589,7lghBEn9pRjL7HuoOo-OZA,Cafe Sunflower Buckhead,33.81261759,-84.39325112,Vegetarian,4.5,677,$$,30309
590,UAJwlmjBqbprKoQK4t7_NQ,Views Bar And Grill,33.75931,-84.38826,American (Traditional),3,84,$$,30308
591,8pils4W5_DdDDACJG5evvw,Illuminarium Atlanta,33.7690542,-84.36131416,Bars,2.5,127,$$$,30306
592,brDwkjcEi20D7xgZXAQZRw,Highland Bistro,33.76116519,-84.36532208,Comfort Food,4.5,89,$$,30312
593,dPdOWcNd5LImBLEri9rDcg,Lloyd?s Restaurant and Lounge,33.755,-84.35796,Bars,4,101,$$,30307
594,X1bXE4Ysl0mBL7d3DP1u5Q,Honest,33.79749683,-84.28213679,Indian,4,144,$,30033
595,gHqqMsWyQ0ogSwBYoI9bXw,Yum's Sub Shop,33.723404,-84.390643,Sandwiches,4,38,$,30315
596,VPaSLUkZZ7GF7B8RS-aeFQ,The Mad Italian,33.919355,-84.303461,Italian,4,636,$$,30341
597,kZu2gMzmPLV-WJuZ4ZLsIQ,The Collective Food Hall at Coda,33.77527623,-84.38764259,Food Court,3.5,5,$$,30308
598,vQgMPq9_YttFX6nau6PomA,"Mamoun's Falafel - Atlanta, GA",33.790075,-84.407431,Middle Eastern,4.5,157,$,30318
599,aW4XLJCd5jyv4c9xUQLeZg,Bigelow's Bar & Grill,33.7132464,-84.309945,Bars,4,38,$,30316
600,UhuT6aJ7xaZs7iTCbf_o1A,Star Provisions,33.795001,-84.427223,Cheese Shops,4,559,$$,30318
601,bru2-j7B1DUsfwWf70HI-Q,The Spotted Trotter,33.75361246,-84.33531464,Meat Shops,4.5,71,$$,30316
602,K2g64la2lXZTp6udr2D-rg,Kafenio Avondale,33.775456,-84.278768,Greek,4.5,140,$$,30030
603,5-Ph4HN1KmqDJ9mKbIXN2A,Zoes Kitchen,33.78885884,-84.326967,Mediterranean,3.5,63,$,30307
604,p2BkIrOuIsxGqtV0lwOZUw,Yalla,33.75686964,-84.36396343,Middle Eastern,4,307,$$,30307
605,EpRiA0b9wAWE50PKeAvBcw,Kenley's,33.7563397,-84.3820851,American (New),4.5,35,$,30303
606,9WFUIOHIOEyy75lAAzAjVw,El Indio,33.93330002,-84.17897797,Mexican,4,105,$$,30071
607,_YEfaPwhgnqhggcq46GjMA,The Grove Restaurant & Tavern,33.82440333,-84.29346333,American (Traditional),3.5,155,$$,30033
608,-VO6QBOzHeNdOi2qVgGm4Q,The Usual Kitchen and Bar,33.8037388,-84.3933692,Salad,5,8,$$,30309
609,j6fk-A5bMWt_YT9E56nSUg,Old Lady Gang,33.658033,-84.501401,Southern,3.5,739,$$,30344
610,nrEQyvk64ZBmuYYbIbHZQQ,Farm Burger - Virginia Highland,33.782116,-84.353875,Burgers,4,20,$$,30306
611,ilpq7-08buR-12_yIl9w3A,Steak Market,33.77639016,-84.38257648,Steakhouses,3,55,$$$$,30308
612,GbQs2TgzQFnx4fEhMzzJvw,Highland Bakery Emory,33.79018108,-84.32195644,Coffee & Tea,2.5,27,$$,30322
613,dWBKYjQ3q2v2dOjsfLLxDg,The BQE Restaurant & Lounge,33.7546,-84.37913,Soul Food,3.5,1258,$$,30303
614,QKHR_5CtPSDBWnK42R9qWw,Holy Taco,33.74034,-84.34459,Mexican,3.5,520,$$,30316
615,DdKSR1IdTjvikmsp89QoEw,Fritti,33.762945,-84.357776,Italian,4,693,$$,30307
616,X7vgSJUfaGyoa_H38ZG-yw,Meehan's Public House - Downtown,33.759147,-84.387734,Bars,3.5,454,$$,30303
617,cEC3lx06tjhMOAomZnD1Sw,Six Feet Under Pub & Fish House- Westside,33.78337,-84.40973,Seafood,3.5,871,$$,30318
618,xjiEGvcpZZhFfvVkIrkTxw,George's Restaurant & Bar,33.78302606,-84.35430111,American (Traditional),4,173,$$,30306
619,vdjzMgnuWrxYnywghyjwXA,Lee's Bakery,33.8600684,-84.308893,Vietnamese,4,1008,$,30345
620,QfBPiPJDEOad4eddttvXYQ,HOBNOB Neighborhood Tavern - Dunwoody,33.92901711,-84.3447321,American (Traditional),4,321,$$,30346
621,gAze3qbX9r7Hjc1ciO44xw,Pappadeaux Seafood Kitchen,33.90323,-84.47053,Cajun/Creole,4,1470,$$,30067
622,G5xZjhL9Wl8wcGjzLkR4Zg,Cultured South,33.73195,-84.42191,Coffee & Tea,4.5,52,$$,30310
623,SVxQSuy2bOb3nvgaxuqrKg,Crazy Atlanta,33.75925,-84.384416,Pizza,3.5,92,$,30303
624,qU7P6HRdKD5AcDewZqJNjw,Buckhead Pizza,33.84582,-84.36988,Pizza,3,495,$$,30326
625,kGLTruOiMTD83sJr-jpPgA,Black Granite Kitchen,33.712765,-84.332001,Do-It-Yourself Food,5,1,$$,30316
626,07vrOVXqxUC4qIKvVVah7g,Yard House,33.88951963,-84.46927317,American (New),3,517,$$,30339
627,CM_9R-uIfsR3s9PjkOCoDA,Ladybird Grove & Mess Hall,33.75971829,-84.36440413,American (New),3.5,708,$$,30312
628,ieNRPaWx82HdhZ8d0gTreQ,The Elder Tree Public House,33.7410627,-84.3466872,Irish,4,155,$$,30316
629,CkWEtj4Y8sG-U9x2eoejvw,Blue Moon Pizza,33.838711,-84.376879,Pizza,4,290,$$,30305
630,HRVZ2EC6cMP3Sq_Ee7vUAg,El Super Pan The Battery Atlanta,33.888654,-84.469597,Latin American,4,155,$$,30339
631,dKggOhtqxDH3MDyNws7bTA,Zeus Greek Street Food,33.90192008,-84.4547526,Greek,4,267,$$,30339
632,Hhi2NM9I6_gF7itRdTB8gw,Matcha Cafe Maiko,33.89734,-84.28133,Ice Cream & Frozen Yogurt,4.5,270,$$,30340
633,gGGMXH8kSnEkbezDIdyKmg,Aviva by Kameel Midtown,33.77526,-84.38775,Mediterranean,5,54,$$,30308
634,XyjYku_TKNzOlL-rCoGSmQ,California Pizza Kitchen at Atlantic Station,33.7930185,-84.39672,Pizza,3.5,330,$$,30363
635,fDQjOomSpIfIJAVEJ3tATw,Rodney Scott?s Whole Hog BBQ,33.73647,-84.40767,Southern,4,82,$$,30310
636,4zViEsupemIkBLIZGsgMzw,Ticonderoga Club,33.75653068,-84.36396879,Cocktail Bars,4.5,215,$$,30307
637,U1nYfkmVge_DyAkNtNGWMg,Jack's New Yorker Deli,33.83931329,-84.48315869,Delis,4.5,331,$,30080
638,INDH-tBdjkF6gIymRYOxhQ,Scoville Hot Chicken,33.80073958,-84.42048983,Sandwiches,3.5,23,$$,30318
639,bFrdL0CL4P1djjSOeWzRRg,Plant Based Pizzeria,33.77441,-84.35894,Pizza,4.5,324,$$,30306
640,hk8qbfi9wJdO7e03wmzPSA,Crab404,33.890067,-84.380736,Seafood,3.5,404,$$,30342
641,YsplgMDcyNPB_2zfAz1LkA,Benzino's Crab Trap,33.708742,-84.274816,Seafood,2,28,$$,30034
642,aPz4iE_IorPXg7SBxjCJiQ,Taquito Express - Chamblee,33.88658524,-84.31561279,Tacos,4,41,$,30341
643,Or2CcyaSF6ia8xYcb9DQGQ,Grindhouse Killer Burgers,33.74634,-84.36465,Burgers,4,303,$$,30316
644,5OzG00MoGUCOpNkYot5fCA,YEAH! BURGER,33.78540975,-84.41216593,Burgers,4,1327,$$,30318
645,oWkjcfej-edChEM-b5YKYQ,Grub Burger Bar,33.919488,-84.3507758,Burgers,4,352,$$,30328
646,1wCsnvtNTQ7yJB6OXHRY0A,Ameer's Mediterranean Grill,33.816886,-84.335605,Mediterranean,4.5,486,$$,30329
647,OhB-VnmDCxRquIysWH-yKw,LottaFrutta - Atlanta,33.756,-84.36809,Breakfast & Brunch,4.5,389,$,30312
648,z7pfTL0H1b1aymOv61OypA,Nova Sushi Bar & Asian Bistro,33.85297822,-84.3583177,Sushi Bars,4,322,$$,30319
649,V6OToDLIwUllf1MbgWw-9w,Hajime,33.81918734,-84.3497106,Ramen,4,517,$$,30324
650,5-nUL-_CTYIzya5WG7bf5A,H&F Burger,33.77179698,-84.36583991,American (Traditional),3.5,522,$$,30308
651,4U8Y6PllZ737Y-v65sIF_Q,Vinny's New York Pizza,33.77838398,-84.38483875,Pizza,4,241,$,30308
652,N6WByRGlufYPy1rZjBFuOQ,Farmed Kitchen and Bar,33.839319,-84.238616,American (New),5,53,$$,30084
653,4nUw-co-rboB9RNdenwwOw,Hippin Hops,33.75136865,-84.30925401,Breweries,4.5,9,$$,30317
654,jVXoFMahtB3Afa0wI1mCVg,First Watch,33.745056,-84.35794,Breakfast & Brunch,3.5,91,$$,30316
655,5bLec__-RG4Xmtrrkd0bpw,Onyx,33.845219,-84.370354,American (New),4,23,$$,30305
656,qIXCJBfDIXvMC37-oUxVOA,BrickStone Cafe,33.7558538,-84.3894285,Italian,4,58,$,30303
657,uHjxrwLTQiLhxQp5Y-PoUg,Miss Gogi,33.90790835,-84.28804353,Korean,4,319,$$,30360
658,LXG6QbSTt5cHVFgL2ofPnQ,Petit Chou,33.7468762,-84.3658493,Breakfast & Brunch,4.5,205,$$,30312
659,Q9Lrnhfqk9AZCmzybWK2JA,Best Cajun Asian,33.755529,-84.3896734,Asian Fusion,3.5,19,$,30303
660,Zpr7ORH2Ed5OTov1BSYqTw,Ssong's Hot Dog - DULUTH,33.96961,-84.14338,Hot Dogs,5,14,$,30096
661,yxN-Pk6682o_1NniwawmDw,A1 Soul Food,33.75338026,-84.47441863,Soul Food,3.5,69,$,30311
662,TR55ooT3MZ6NN9eku0zTwQ,Spoon Eastside,33.73368207,-84.34986399,Thai,4,343,$$,30316
663,2LRKDreuzzSQshXhgyfRAw,Lucky China,33.77070055,-84.37215538,Chinese,3,85,$,30308
664,e3jh17TT4e_Fpc5Wv7iMpA,Three Dollar Cafe,33.87723923,-84.37939453,Chicken Wings,3,148,$$,30342
665,RSEoAWkXCv5Vi_nv9LnNyg,The Select,33.92499105,-84.38112561,Mediterranean,4,389,$$$,30328
666,nbrbQcZEi076U3ZPIzHfow,CAVA,33.929241,-84.347673,Mediterranean,3,87,$$,30338
667,he_5Pynii22KlrXuMwfAYw,Wahlburgers,33.759929,-84.388198,Burgers,2.5,101,$$,30303
668,EbkYZwqtnKmpYhQx0ihADQ,Slice Downtown,33.75688257,-84.3901059,Pizza,3.5,217,$$,30303
669,YTUqmJL9K1SgxhzPLSTSMw,Tin Lizzy's Cantina,33.74655718,-84.3739494,Mexican,3.5,696,$$,30312
670,aJkKVwTRnR3JJmm_sgFh0Q,Hecter's Kitchen,33.75413,-84.38105,Sandwiches,5,8,$$,30303
671,4O40kSZ88YkBDJ23Tzc2aw,Taqueria Del Sol,33.78732906,-84.41295849,Tex-Mex,3.5,617,$,30318
672,YC6NRb2vWPRR9yPt8d_CPg,Wood's Chapel BBQ,33.73656297,-84.38498486,Barbeque,4,207,$$,30312
673,vmqE8aRZ18ChH0-tL8L1aQ,Boone's,33.81619486,-84.40627308,American (New),4,29,$$,30305
674,Io97SS41sq7BtfmNs4tzFQ,Panera Bread,33.7875206,-84.3271615,Sandwiches,2,128,$,30307
675,9cGOJ8HMxoufyymdYD5LbQ,Oh K-Dog,34.06677,-84.17036,Hot Dogs,4.5,21,$,30097
676,jqKTf5UPrdRTriP2382TeA,Johnny Rockets,33.76189,-84.3957099,Burgers,3,160,$$,30313
677,fVYi0FoAAtefFmdNLGaRkg,Big Dave's Cheesesteaks,33.75620137,-84.38984936,Cheesesteaks,3.5,334,$$,30303
678,-O6W6xUWpzDs-XyZE6aHQg,Crazy Crab,33.8463144,-84.2515309,Seafood,4,134,$$,30084
679,3ZvvF1M4NJF5jZUkqhxQbw,Thumbs Up Diner,33.75419513,-84.36854696,Breakfast & Brunch,4,696,$$,30312
680,eYA8CpQFgRhc_sTSb0g8Pg,90 Kabob,33.88404784,-84.28735379,Chinese,4,63,$$,30341
681,1qWw8qR8K4xLyeLNldLi7g,Jamrock Restaurant,33.74353,-84.34951,Caribbean,3.5,91,$$,30316
682,Beo8hPu9HrEfpw0qOaLT-A,Marguerite?s Jerk Bistro,33.725848,-84.3769365,Caribbean,4.5,46,$$,30315
683,sPhPI3B6tvcJIULhICr-Pg,The Varsity,33.7715099,-84.3893109,Burgers,3,2198,$,30308
684,R5h5tGPXCfppWjXbUM7X8w,Everythang Nola Cafe,33.708431,-84.418445,Coffee & Tea,5,42,$$,30310
685,fUcbgUL3sRP1qSB30j6eJw,Just Around the Corner,33.75715505,-84.39261708,Sandwiches,4,78,$,30303
686,S6Jg39Po5IDtxY51LEx2yg,Newk's Eatery,33.828505,-84.329408,American (Traditional),3.5,87,$,30329
687,sQAtQV1tHZaOJWcR_T8bwg,Tiny Lou's,33.77336,-84.36135,French,4,211,$$,30306
688,LpgUGT2u7TcP8mkUh-oLmw,Deshi Street Bangladeshi Restaurant,33.86809094,-84.29971873,Bangladeshi,4.5,197,$$,30341
689,wKT-LDY3Faca4qPO6pVCBg,Q - Time Restaurant,33.73807526,-84.42445374,Southern,4,94,$,30310
690,Un0ghAC4a201kyPMpmFIsg,Chopt Creative Salad Co.,33.79832338,-84.37103173,Salad,3,69,$$,30324
691,AiFVqAFneSse0hExrzQTEg,The hive buckhead,33.80536258,-84.39375367,Breakfast & Brunch,2.5,446,$$,30309
692,EqM_faRNtK6pIiRvoPiqFg,Soul: Food & Culture,33.75711838,-84.3641525,Soul Food,3.5,29,$$,30307
693,5TUgoAP936AVzoSaXzLz-A,PushStart Kitchen,33.75531,-84.39085,Specialty Food,5,12,$$$,30301
694,EHZGMnhfLjFk6EOXWFzKrg,Poetree Cafe,34.026628,-84.04668,Korean,4,221,$$,30024
695,oVDk_opUZ7Y6riHkOpp49g,Jamal's Buffalo Wings,33.750564,-84.450449,Chicken Wings,4,105,$,30310
696,g8w22xJ4XCQedthuhE1ebg,Atwoods Pizza Cafe,33.77741259,-84.38703392,Pizza,4,264,$$,30308
697,3sFQbpTdKTlj1l8kJjDRCA,Anna's BBQ,33.75184119,-84.32277817,Barbeque,4,291,$$,30317
698,48UX4Sx-4Nc-uFhVKw7ZrA,Wrecking Bar Brewpub,33.762272,-84.349724,Brewpubs,4,742,$$,30307
699,XIRgCTxlf_P3-CZYqSsB7g,Flower Child,33.78546421,-84.41259213,Salad,4.5,44,$$,30318
700,3qs5SGl3ywcde7hNSoL7OA,Mojave,33.9031,-84.43525,Latin American,4,422,$$,30339
701,NxGPJ-sxTdYwWE0syOzdbg,Grips Good Eats,33.70632917,-84.4085285,Specialty Food,3,34,$$,30310
702,pFYW6rNHtdUFjdrP28rGZQ,Trader Vic's,33.761535,-84.38355299,Hawaiian,3.5,386,$$$,30303
703,NLRShcAx7lku9GiFBrfbcA,Gus's World Famous Fried Chicken,33.93276,-84.38049,Chicken Shop,4,461,$$,30328
704,Es-x1ok4nEbn-grrEjgVDg,THAT Burger Spot! #2,33.4753803,-84.337594,Burgers,4.5,96,$$,30238
705,Pv0BfXfdJX57yI6vSg7INQ,Recess,33.756595,-84.364182,Sandwiches,4,125,$$,30307
706,MBC2yOjkQyTjF91BkJyWEw,Cluck N Mooh,33.8264009,-84.36543111,Burgers,3.5,23,$$,30324
707,sS_glvig5V1_E9IeFe3x2g,Westside Provisions District Farmers Market,33.7858,-84.41168,Farmers Market,4.5,2,$$,30318
708,ERoYrBHNmTEEChY3RGaOGQ,Egg Harbor CafÇ,33.80510321,-84.39410988,Breakfast & Brunch,4.5,845,$$,30309
709,U1TNktr9XCBjRlEXqKxUnQ,Hop's Chicken,33.77242573,-84.365856,American (New),3,525,$,30308
710,EAtNhs_ecwKsZL0qaNPqbQ,La Fonda Latina,33.764691,-84.333804,Mexican,3.5,115,$$,30307
711,HN727MkqBRxgTMWVkbHpsw,Reuben's Deli,33.75563948,-84.38923727,Sandwiches,4,321,$,30303
712,y9RGkpiX-FdgHCUlx-ccMA,That Burger Spot,33.55211282,-84.3398671,Burgers,4.5,179,$$,30236
713,NeoTlmuusyIkKCjST0VD2g,Lifting Noodles Ramen,33.74075,-84.3467299,Ramen,4.5,130,$$,30316
714,3qySFB1GVdOu-4oKJsXlXg,Sufi's,33.8044268,-84.39382295,Persian/Iranian,4,403,$$,30309
715,5vQX8wYuOWlohVUljvxZbQ,Wild Crab,33.77655467,-84.29972333,Seafood,3.5,208,$$,30030
716,gA-KM5665MpsoAMCOOFQkQ,Emory Market at Cox Hall Food Court,33.7915681,-84.3231659,Food Court,3,8,$$,30322
717,LsiH6Kfg3mjpr1fMs3eqkg,Nunn - Betta,33.75391804,-84.38000321,Food Stands,4,1,$,30303
718,U3LxFm7LMo68BELk6hRWAA,Pho King,33.78022,-84.38753,Vietnamese,3.5,258,$$,30309
719,jvzDgG0ZFHB8KcLMR8M9sg,Allora,33.79158992,-84.39790204,Cocktail Bars,3.5,92,$$,30363
720,scRuSw2aJxUuiRfkmCDVhA,Five Daughters Bakery,33.78586,-84.41182,Donuts,4.5,76,$$,30318
721,FxvotvjV6TBPa1MkoFbqig,Red Pepper Taqueria,33.86977659,-84.33571997,Sports Bars,3.5,149,$$,30319
